LG,Marker_Name,genetic_position
1,RosBREED_snp_tart_cherry_f_Pp1_00343932,0
1,RosBREED_snp_sweet_cherry_Pp1_00375897,0
1,RosBREED_snp_sweet_cherry_Pp1_00282209,0
1,RosBREED_snp_sweet_cherry_Pp1_00196391,0
1,RosBREED_snp_sweet_cherry_Pp1_00072435,0
1,RosBREED_snp_tart_cherry_f_Pp1_00051332,0
1,RosBREED_snp_tart_cherry_a_Pp1_00212925,0
1,RosBREED_snp_sweet_cherry_Pp1_00154827,0
1,RosBREED_snp_sweet_cherry_Pp1_00538005,1.49
1,RosBREED_snp_sweet_cherry_Pp1_00673608,3.8
1,RosBREED_snp_tart_cherry_f_Pp1_00687892,4.04
1,RosBREED_snp_sweet_cherry_Pp1_01049839,4.16
1,RosBREED_snp_sweet_cherry_Pp1_01111320,4.16
1,RosBREED_snp_sweet_cherry_Pp1_01197874,4.16
1,RosBREED_snp_sweet_cherry_Pp1_01238095,4.16
1,RosBREED_snp_sweet_cherry_Pp1_00917288,4.16
1,RosBREED_snp_sweet_cherry_Pp1_01010940,4.16
1,RosBREED_snp_sweet_cherry_Pp1_00885553,4.16
1,RosBREED_snp_sweet_cherry_Pp1_00985514,4.16
1,RosBREED_snp_tart_cherry_a_Pp1_01235182,4.16
1,RosBREED_snp_tart_cherry_a_Pp1_00694731,4.16
1,RosBREED_snp_sweet_cherry_Pp1_01292903,4.65
1,RosBREED_snp_sweet_cherry_Pp1_01331155,5
1,RosBREED_snp_sweet_cherry_Pp1_01384870,5.38
1,RosBREED_snp_tart_cherry_a_Pp1_01404526,5.52
1,RosBREED_snp_sweet_cherry_Pp1_01737374,6.94
1,RosBREED_snp_tart_cherry_f_Pp1_01919153,7.63
1,RosBREED_snp_sweet_cherry_Pp1_01920578,7.64
1,RosBREED_snp_sweet_cherry_Pp1_02115377,8.38
1,RosBREED_snp_sweet_cherry_Pp1_02204110,8.87
1,RosBREED_snp_tart_cherry_f_Pp1_02216916,8.94
1,RosBREED_snp_sweet_cherry_Pp1_02334387,9.58
1,RosBREED_snp_sweet_cherry_Pp1_02370183,9.78
1,RosCOS1602-202_snp_sweet_cherry_Pp1_02602122,10.28
1,RosBREED_snp_tart_cherry_f_Pp1_02620745,10.29
1,RosBREED_snp_sweet_cherry_Pp1_02822461,10.42
1,RosBREED_snp_tart_cherry_f_Pp1_02849097,10.44
1,RosBREED_snp_tart_cherry_a_Pp1_02868963,10.45
1,RosCOS1523-098_snp_sweet_cherry_Pp1_03013675,10.54
1,RosBREED_snp_sweet_cherry_Pp1_03137813,10.62
1,RosBREED_snp_sweet_cherry_Pp1_03256420,10.7
1,RosBREED_snp_sweet_cherry_Pp1_03317306,10.74
1,RosBREED_snp_sweet_cherry_Pp1_03348164,10.76
1,RosBREED_snp_sweet_cherry_Pp1_03367813,10.77
1,RosBREED_snp_sweet_cherry_Pp1_03438841,10.82
1,RosBREED_snp_sweet_cherry_Pp1_03470086,10.84
1,RosBREED_snp_sweet_cherry_Pp1_03683691,10.98
1,RosBREED_snp_sweet_cherry_Pp1_03795271,11.05
1,RosBREED_snp_sweet_cherry_Pp1_04007222,11.19
1,RosBREED_snp_sweet_cherry_Pp1_04266188,11.35
1,RosBREED_snp_tart_cherry_f_Pp1_04273763,11.36
1,RosBREED_snp_sweet_cherry_Pp1_04322404,11.39
1,RosBREED_snp_sweet_cherry_Pp1_04354807,11.41
1,RosBREED_snp_tart_cherry_f_Pp1_05383904,11.5
1,RosBREED_snp_sweet_cherry_Pp1_05269311,11.58
1,RosBREED_snp_sweet_cherry_Pp1_05212271,11.61
1,RosBREED_snp_sweet_cherry_Pp1_05157044,11.65
1,RosBREED_snp_tart_cherry_f_Pp1_05010822,11.74
1,RosBREED_snp_tart_cherry_f_Pp1_04910966,11.81
1,RosBREED_snp_sweet_cherry_Pp1_04905651,11.81
1,RosBREED_snp_tart_cherry_a_Pp1_04612635,12
1,RosBREED_snp_sweet_cherry_Pp1_04506787,12.07
1,RosBREED_snp_sweet_cherry_Pp1_04487151,12.08
1,RosBREED_snp_sweet_cherry_Pp4_16496004,12.15
1,RosBREED_snp_sweet_cherry_Pp4_16751932,12.32
1,RosBREED_snp_sweet_cherry_Pp1_05564866,12.49
1,RosBREED_snp_sweet_cherry_Pp1_05587757,12.5
1,RosBREED_snp_sweet_cherry_Pp1_05617464,12.52
1,RosBREED_snp_tart_cherry_a_Pp1_05627922,12.53
1,RosBREED_snp_tart_cherry_a_Pp1_05691368,12.57
1,RosBREED_snp_sweet_cherry_Pp1_05779618,12.63
1,RosBREED_snp_sweet_cherry_Pp1_05839154,12.67
1,RosBREED_snp_tart_cherry_f_Pp1_05993141,13.53
1,RosBREED_snp_sweet_cherry_Pp1_05894052,13.53
1,RosBREED_snp_sweet_cherry_Pp1_05930591,13.53
1,RosBREED_snp_sweet_cherry_Pp1_05962255,13.53
1,RosBREED_snp_sweet_cherry_Pp1_06059026,13.53
1,RosBREED_snp_tart_cherry_a_Pp1_05973940,13.53
1,RosBREED_snp_tart_cherry_f_Pp1_06110448,13.53
1,RosBREED_snp_tart_cherry_f_Pp1_06454359,13.53
1,RosBREED_snp_sweet_cherry_Pp1_06523752,13.77
1,RosBREED_snp_sweet_cherry_Pp1_07074495,15.86
1,RosBREED_snp_sweet_cherry_Pp1_07089244,15.91
1,RosBREED_snp_sweet_cherry_Pp1_07130958,16.07
1,RosBREED_snp_sweet_cherry_Pp1_07287012,17.42
1,RosBREED_snp_tart_cherry_f_Pp1_07328179,17.77
1,RosBREED_snp_sweet_cherry_Pp1_07328678,17.78
1,RosBREED_snp_tart_cherry_a_Pp1_07368812,17.84
1,RosBREED_snp_sweet_cherry_Pp1_07407733,17.89
1,RosBREED_snp_sweet_cherry_Pp1_07606665,18.19
1,RosBREED_snp_tart_cherry_f_Pp1_07604342,18.19
1,RosBREED_snp_tart_cherry_a_Pp1_07674018,18.29
1,RosBREED_snp_sweet_cherry_Pp1_07705893,18.34
1,RosBREED_snp_tart_cherry_a_Pp1_07825840,18.52
1,RosBREED_snp_sweet_cherry_Pp1_07983442,19.71
1,RosBREED_snp_sweet_cherry_Pp1_08048406,20.2
1,RosBREED_snp_sweet_cherry_Pp1_08106269,20.63
1,RosBREED_snp_sweet_cherry_Pp1_08240209,21.64
1,RosBREED_snp_tart_cherry_f_Pp1_08290152,22.02
1,RosBREED_snp_sweet_cherry_Pp1_08299271,22.09
1,RosBREED_snp_tart_cherry_a_Pp1_08333998,22.35
1,RosCOS0478-267_snp_sweet_cherry_Pp1_08412096,22.94
1,RosBREED_snp_sweet_cherry_Pp1_08431278,23.08
1,RosBREED_snp_tart_cherry_f_Pp1_08459454,23.29
1,RosBREED_snp_tart_cherry_a_Pp1_08495367,23.56
1,RosBREED_snp_tart_cherry_a_Pp1_08596743,24.32
1,RosBREED_snp_tart_cherry_a_Pp1_08761642,25.57
1,RosBREED_snp_sweet_cherry_Pp1_08833408,26.11
1,RosBREED_snp_sweet_cherry_Pp1_09436250,28.77
1,RosBREED_snp_sweet_cherry_Pp1_09597368,29.48
1,RosBREED_snp_sweet_cherry_Pp1_09623424,29.6
1,RosBREED_snp_tart_cherry_a_Pp1_09689918,29.89
1,RosBREED_snp_sweet_cherry_Pp1_10033789,31.41
1,RosBREED_snp_tart_cherry_f_Pp1_10061954,31.53
1,RosBREED_snp_sweet_cherry_Pp1_10175178,32.03
1,RosBREED_snp_sweet_cherry_Pp1_10176147,32.03
1,RosBREED_snp_tart_cherry_a_Pp1_10265101,32.72
1,RosBREED_snp_sweet_cherry_Pp1_10267971,32.74
1,RosBREED_snp_sweet_cherry_Pp1_10316151,32.97
1,RosBREED_snp_sweet_cherry_Pp1_10330576,33.02
1,RosBREED_snp_tart_cherry_a_Pp1_10402510,33.25
1,RosBREED_snp_tart_cherry_a_Pp1_10492067,33.53
1,RosBREED_snp_tart_cherry_a_Pp1_10531094,33.66
1,RosBREED_snp_tart_cherry_a_Pp1_10568530,33.74
1,RosBREED_snp_sweet_cherry_Pp1_10585398,34.13
1,RosBREED_snp_sweet_cherry_Pp1_10637855,34.55
1,RosBREED_snp_sweet_cherry_Pp1_10701111,34.73
1,RosBREED_snp_sweet_cherry_Pp1_10767019,36.38
1,RosBREED_snp_sweet_cherry_Pp1_10829860,37.96
1,RosBREED_snp_sweet_cherry_Pp1_10837381,38.05
1,RosBREED_snp_sweet_cherry_Pp1_10861875,38.34
1,RosBREED_snp_sweet_cherry_Pp1_10878674,38.53
1,RosBREED_snp_sweet_cherry_Pp1_10979761,39.71
1,RosBREED_snp_sweet_cherry_Pp1_11081324,41.12
1,RosBREED_snp_tart_cherry_a_Pp1_11147283,41.57
1,RosBREED_snp_sweet_cherry_Pp1_11166131,41.63
1,RosBREED_snp_sweet_cherry_Pp1_11338862,42.23
1,RosBREED_snp_tart_cherry_f_Pp1_11657773,42.42
1,RosBREED_snp_sweet_cherry_Pp1_12292557,42.79
1,RosBREED_snp_sweet_cherry_Pp1_12378758,42.84
1,RosBREED_snp_tart_cherry_f_Pp1_12787120,43.08
1,RosBREED_snp_tart_cherry_f_Pp1_12871785,43.13
1,RosBREED_snp_sweet_cherry_Pp1_12884734,43.14
1,RosBREED_snp_sweet_cherry_Pp1_12997969,43.21
1,RosBREED_snp_sweet_cherry_Pp1_13052512,43.24
1,RosBREED_snp_sweet_cherry_Pp1_13363703,43.73
1,RosBREED_snp_sweet_cherry_Pp1_13761187,43.97
1,RosBREED_snp_tart_cherry_f_Pp1_13763404,43.97
1,RosBREED_snp_sweet_cherry_Pp1_13924769,44.06
1,RosBREED_snp_sweet_cherry_Pp1_14110306,44.17
1,RosBREED_snp_sweet_cherry_Pp1_14281912,44.27
1,RosBREED_snp_sweet_cherry_Pp1_14626810,44.47
1,RosBREED_snp_sweet_cherry_Pp1_14779305,44.56
1,RosBREED_snp_sweet_cherry_Pp1_15061804,44.73
1,RosBREED_snp_tart_cherry_a_Pp1_15967014,45.92
1,RosBREED_snp_sweet_cherry_Pp1_16011610,45.98
1,RosBREED_snp_sweet_cherry_Pp1_16221652,46.26
1,RosBREED_snp_tart_cherry_a_Pp1_16541503,46.68
1,RosCOS1084-357_snp_sweet_cherry_Pp1_16608849,46.77
1,RosBREED_snp_sweet_cherry_Pp1_16612689,46.78
1,RosBREED_snp_sweet_cherry_Pp1_17571526,48.04
1,RosBREED_snp_sweet_cherry_Pp1_18955775,49.08
1,RosBREED_snp_tart_cherry_f_Pp1_19065058,49.17
1,RosBREED_snp_sweet_cherry_Pp1_19157547,49.24
1,RosBREED_snp_sweet_cherry_Pp1_19836475,49.75
1,RosBREED_snp_sweet_cherry_Pp1_19999922,49.89
1,RosBREED_snp_tart_cherry_a_Pp1_20249349,50.11
1,RosBREED_snp_tart_cherry_a_Pp1_21288554,51.02
1,RosCOS2143-270_snp_sweet_cherry_Pp1_21773370,51.44
1,RosBREED_snp_sweet_cherry_Pp1_21786289,51.45
1,RosBREED_snp_sweet_cherry_Pp1_21790744,51.46
1,RosBREED_snp_tart_cherry_a_Pp1_21818756,51.48
1,RosBREED_snp_sweet_cherry_Pp1_22002734,51.64
1,RosBREED_snp_tart_cherry_f_Pp1_22025627,51.66
1,RosBREED_snp_tart_cherry_a_Pp1_22358343,51.95
1,RosBREED_snp_tart_cherry_f_Pp1_22351716,51.95
1,RosBREED_snp_sweet_cherry_Pp1_22393410,51.98
1,RosBREED_snp_sweet_cherry_Pp1_22481130,52.06
1,RosBREED_snp_tart_cherry_f_Pp1_22682218,52.24
1,RosBREED_snp_tart_cherry_a_Pp1_22774263,52.32
1,RosBREED_snp_tart_cherry_a_Pp1_22941187,52.46
1,RosBREED_snp_sweet_cherry_Pp1_22958834,52.48
1,RosBREED_snp_sweet_cherry_Pp1_23071029,52.58
1,RosBREED_snp_sweet_cherry_Pp1_23209463,52.7
1,RosBREED_snp_tart_cherry_a_Pp1_23245397,52.73
1,RosBREED_snp_sweet_cherry_Pp1_23792719,53.21
1,RosBREED_snp_tart_cherry_a_Pp1_23858094,53.27
1,RosBREED_snp_tart_cherry_f_Pp1_24086895,53.47
1,RosBREED_snp_tart_cherry_a_Pp1_24309591,53.66
1,RosBREED_snp_sweet_cherry_Pp1_24345627,53.69
1,RosBREED_snp_tart_cherry_f_Pp1_24432513,55.91
1,RosBREED_snp_tart_cherry_f_Pp1_24490044,59.7
1,RosBREED_snp_sweet_cherry_Pp1_24575772,65.34
1,RosBREED_snp_sweet_cherry_Pp1_24770399,66.23
1,RosBREED_snp_tart_cherry_a_Pp1_24949017,67.04
1,RosBREED_snp_tart_cherry_f_Pp1_24965573,67.11
1,RosBREED_snp_tart_cherry_a_Pp1_25012285,67.32
1,RosBREED_snp_sweet_cherry_Pp1_25130244,67.86
1,RosBREED_snp_tart_cherry_f_Pp1_25143168,67.92
1,RosBREED_snp_sweet_cherry_Pp1_25252796,68.42
1,RosBREED_snp_tart_cherry_a_Pp1_25276192,68.52
1,RosBREED_snp_sweet_cherry_Pp1_25423943,69.2
1,RosBREED_snp_tart_cherry_a_Pp1_25475460,69.43
1,RosBREED_snp_tart_cherry_f_Pp1_25779069,70.81
1,RosBREED_snp_tart_cherry_f_Pp1_25918842,71.44
1,RosBREED_snp_tart_cherry_a_Pp1_26028238,71.94
1,RosBREED_snp_sweet_cherry_Pp1_26047253,72.03
1,RosBREED_snp_tart_cherry_f_Pp1_26126065,73.14
1,RosBREED_snp_sweet_cherry_Pp1_26164697,73.69
1,RosBREED_snp_tart_cherry_a_Pp1_26253440,74.61
1,RosBREED_snp_tart_cherry_f_Pp1_26283430,74.69
1,RosBREED_snp_sweet_cherry_Pp1_26408341,75
1,RosBREED_snp_sweet_cherry_Pp1_26492826,75.21
1,RosBREED_snp_tart_cherry_a_Pp1_26539206,75.32
1,RosBREED_snp_tart_cherry_f_Pp1_26539270,75.32
1,RosBREED_snp_sweet_cherry_Pp1_26698128,75.71
1,RosBREED_snp_tart_cherry_f_Pp1_26767119,75.89
1,RosBREED_snp_tart_cherry_a_Pp1_26880334,76.17
1,RosBREED_snp_sweet_cherry_Pp1_26989937,76.44
1,RosBREED_snp_sweet_cherry_Pp1_27096272,76.7
1,RosBREED_snp_tart_cherry_f_Pp1_27154718,76.85
1,RosBREED_snp_sweet_cherry_Pp1_27204508,76.97
1,RosBREED_snp_tart_cherry_a_Pp1_27272942,77.14
1,RosBREED_snp_tart_cherry_f_Pp1_27382106,77.41
1,RosBREED_snp_sweet_cherry_Pp1_27556985,77.84
1,RosBREED_snp_sweet_cherry_Pp1_27626876,78.01
1,RosBREED_snp_tart_cherry_a_Pp1_27702307,78.2
1,RosBREED_snp_sweet_cherry_Pp1_27714539,78.23
1,RosBREED_snp_tart_cherry_f_Pp1_27867925,78.74
1,RosBREED_snp_sweet_cherry_Pp1_28129168,79.63
1,RosBREED_snp_tart_cherry_a_Pp1_28152618,79.71
1,RosBREED_snp_tart_cherry_f_Pp1_28248901,80.05
1,RosBREED_snp_tart_cherry_f_Pp1_28795934,81.93
1,RosBREED_snp_sweet_cherry_Pp1_28884662,82.23
1,RosBREED_snp_sweet_cherry_Pp1_28960811,82.5
1,RosBREED_snp_sweet_cherry_Pp1_29118308,83.04
1,RosBREED_snp_sweet_cherry_Pp1_29238550,83.45
1,RosBREED_snp_sweet_cherry_Pp1_29289615,83.63
1,RosBREED_snp_sweet_cherry_Pp1_29382016,83.95
1,RosBREED_snp_tart_cherry_a_Pp1_29790334,85.35
1,RosBREED_snp_sweet_cherry_Pp1_29800411,85.39
1,RosBREED_snp_sweet_cherry_Pp1_30054079,86.26
1,RosBREED_snp_tart_cherry_a_Pp1_30065891,86.3
1,RosBREED_snp_tart_cherry_f_Pp1_30332099,87.22
1,RosBREED_snp_sweet_cherry_Pp1_30716095,88.54
1,RosCOS3802-247_snp_sweet_cherry_Pp1_30725127,88.57
1,RosCOS2354-264_snp_sweet_cherry_Pp1_30895488,89.15
1,RosBREED_snp_sweet_cherry_Pp1_30967575,89.4
1,RosBREED_snp_sweet_cherry_Pp1_31049557,89.68
1,RosBREED_snp_sweet_cherry_Pp1_31215025,90.25
1,RosBREED_snp_tart_cherry_f_Pp1_31255787,90.39
1,RosBREED_snp_tart_cherry_a_Pp1_31449515,91.42
1,RosBREED_snp_sweet_cherry_Pp1_31633964,91.82
1,RosBREED_snp_sweet_cherry_Pp1_31881572,92.26
1,RosBREED_snp_tart_cherry_f_Pp1_31968630,92.41
1,RosBREED_snp_sweet_cherry_Pp1_31975500,92.42
1,RosBREED_snp_tart_cherry_a_Pp1_32036029,92.42
1,RosBREED_snp_sweet_cherry_Pp1_32053318,92.42
1,RosBREED_snp_sweet_cherry_Pp1_32143278,92.42
1,RosBREED_snp_sweet_cherry_Pp1_32180757,92.42
1,RosBREED_snp_tart_cherry_a_Pp1_32150023,92.42
1,RosBREED_snp_sweet_cherry_Pp1_32207329,92.49
1,RosBREED_snp_sweet_cherry_Pp1_32218975,92.53
1,RosBREED_snp_sweet_cherry_Pp1_32236350,92.57
1,RosBREED_snp_sweet_cherry_Pp1_32251525,92.61
1,RosBREED_snp_sweet_cherry_Pp1_32270077,92.66
1,RosBREED_snp_sweet_cherry_Pp1_32310090,92.77
1,RosBREED_snp_tart_cherry_a_Pp1_32319872,92.79
1,RosBREED_snp_tart_cherry_a_Pp1_32362282,92.9
1,RosBREED_snp_sweet_cherry_Pp1_32371233,92.93
1,RosBREED_snp_tart_cherry_a_Pp1_32442960,93.12
1,RosBREED_snp_sweet_cherry_Pp1_32521581,93.49
1,RosBREED_snp_sweet_cherry_Pp1_32533929,93.56
1,RosBREED_snp_sweet_cherry_Pp1_32595645,93.89
1,RosCOS2753-232_snp_sweet_cherry_Pp1_32621532,94.03
1,RosCOS2753-188_snp_sweet_cherry_Pp1_32621488,94.03
1,RosBREED_snp_sweet_cherry_Pp1_32635893,94.11
1,RosBREED_snp_tart_cherry_a_Pp1_32650257,94.18
1,RosBREED_snp_sweet_cherry_Pp1_32692352,94.41
1,RosBREED_snp_sweet_cherry_Pp1_32759983,94.77
1,RosBREED_snp_sweet_cherry_Pp1_32806612,95.02
1,RosBREED_snp_sweet_cherry_Pp1_32820484,95.1
1,RosBREED_snp_sweet_cherry_Pp1_32832210,95.16
1,RosBREED_snp_tart_cherry_f_Pp1_32843145,95.22
1,RosBREED_snp_sweet_cherry_Pp1_32848379,95.25
1,RosBREED_snp_tart_cherry_a_Pp1_32853717,95.27
1,RosBREED_snp_sweet_cherry_Pp1_32878394,95.41
1,RosBREED_snp_sweet_cherry_Pp1_32995855,95.89
1,RosBREED_snp_sweet_cherry_Pp1_33007179,95.93
1,RosBREED_snp_sweet_cherry_Pp1_33035979,96.05
1,RosBREED_snp_sweet_cherry_Pp1_33040649,96.07
1,RosBREED_snp_tart_cherry_a_Pp1_33112319,96.35
1,RosBREED_snp_sweet_cherry_Pp1_33122407,96.46
1,RosBREED_snp_sweet_cherry_Pp1_33216760,98.37
1,RosBREED_snp_tart_cherry_a_Pp1_33251292,99.07
1,RosBREED_snp_tart_cherry_f_Pp1_33254162,99.13
1,RosBREED_snp_sweet_cherry_Pp1_33264098,99.33
1,RosBREED_snp_sweet_cherry_Pp1_33308706,100.24
1,RosBREED_snp_sweet_cherry_Pp1_33345349,100.98
1,RosBREED_snp_sweet_cherry_Pp1_33358731,101.25
1,RosBREED_snp_sweet_cherry_Pp1_33392756,101.67
1,RosBREED_snp_sweet_cherry_Pp1_33379241,101.67
1,RosBREED_snp_tart_cherry_a_Pp1_33389101,101.67
1,RosBREED_snp_sweet_cherry_Pp1_33441046,101.73
1,RosBREED_snp_tart_cherry_f_Pp1_33460443,101.76
1,RosBREED_snp_sweet_cherry_Pp1_33472915,101.77
1,RosBREED_snp_sweet_cherry_Pp1_33509674,101.82
1,RosBREED_snp_sweet_cherry_Pp1_33619342,101.96
1,RosBREED_snp_tart_cherry_f_Pp1_33621785,101.97
1,RosBREED_snp_sweet_cherry_Pp1_33776171,102.17
1,RosBREED_snp_tart_cherry_f_Pp1_33801392,102.2
1,RosBREED_snp_sweet_cherry_Pp1_33883266,102.31
1,RosBREED_snp_sweet_cherry_Pp1_33919695,102.35
1,RosBREED_snp_tart_cherry_f_Pp1_33912837,102.35
1,RosBREED_snp_sweet_cherry_Pp1_33957812,102.4
1,RosBREED_snp_tart_cherry_a_Pp1_34055736,102.53
1,RosBREED_snp_sweet_cherry_Pp1_34068337,102.55
1,RosBREED_snp_tart_cherry_f_Pp1_34223526,103.47
1,RosBREED_snp_sweet_cherry_Pp1_34204689,103.47
1,RosBREED_snp_sweet_cherry_Pp1_34334690,103.47
1,RosBREED_snp_tart_cherry_a_Pp1_34430805,103.47
1,RosBREED_snp_tart_cherry_f_Pp1_34478204,103.67
1,RosCOS1790-520_snp_sweet_cherry_Pp1_34516980,103.88
1,RosBREED_snp_sweet_cherry_Pp1_34558568,104.09
1,RosBREED_snp_tart_cherry_f_Pp1_34681555,104.73
1,RosBREED_snp_tart_cherry_a_Pp1_34741316,105.04
1,RosBREED_snp_sweet_cherry_Pp1_34754774,105.11
1,RosBREED_snp_tart_cherry_f_Pp1_34820310,105.46
1,RosBREED_snp_tart_cherry_a_Pp1_34916586,105.96
1,RosBREED_snp_tart_cherry_f_Pp1_34979540,106.29
1,RosBREED_snp_sweet_cherry_Pp1_35257532,107.73
1,RosBREED_snp_sweet_cherry_Pp1_35371782,108.33
1,RosBREED_snp_sweet_cherry_Pp1_35525371,109.13
1,RosBREED_snp_tart_cherry_f_Pp1_35583350,109.43
1,RosBREED_snp_sweet_cherry_Pp1_35582087,109.43
1,RosBREED_snp_sweet_cherry_Pp1_35614161,109.59
1,RosBREED_snp_sweet_cherry_Pp1_35632040,109.69
1,RosCOS0502-134_snp_sweet_cherry_Pp1_35635393,109.7
1,RosBREED_snp_sweet_cherry_Pp1_35648977,109.79
1,RosBREED_snp_tart_cherry_f_Pp1_35648543,109.79
1,RosBREED_snp_sweet_cherry_Pp1_35806755,110.83
1,RosBREED_snp_tart_cherry_a_Pp1_35808974,110.84
1,RosBREED_snp_sweet_cherry_Pp1_35992705,111.37
1,RosBREED_snp_tart_cherry_f_Pp1_36234910,111.37
1,RosBREED_snp_tart_cherry_f_Pp1_36148993,111.37
1,RosBREED_snp_tart_cherry_a_Pp1_36007399,111.37
1,RosBREED_snp_tart_cherry_a_Pp1_35996954,111.37
1,RosBREED_snp_tart_cherry_f_Pp1_35969616,111.37
1,RosBREED_snp_tart_cherry_a_Pp1_35934755,111.37
1,RosBREED_snp_sweet_cherry_Pp1_36293674,111.37
1,RosBREED_snp_sweet_cherry_Pp1_36250848,111.37
1,RosBREED_snp_sweet_cherry_Pp1_36173694,111.37
1,RosBREED_snp_sweet_cherry_Pp1_35956466,111.37
1,RosBREED_snp_sweet_cherry_Pp1_36394955,111.7
1,RosBREED_snp_sweet_cherry_Pp1_36415494,111.79
1,RosBREED_snp_sweet_cherry_Pp1_36470924,112.03
1,RosBREED_snp_sweet_cherry_Pp1_36495593,112.14
1,RosBREED_snp_sweet_cherry_Pp1_36578814,112.51
1,RosBREED_snp_sweet_cherry_Pp1_36588456,112.55
1,RosBREED_snp_sweet_cherry_Pp1_36667846,112.9
1,RosBREED_snp_tart_cherry_f_Pp1_36718194,113.12
1,RosBREED_snp_sweet_cherry_Pp1_36725185,113.15
1,RosBREED_snp_sweet_cherry_Pp1_36751981,113.27
1,RosBREED_snp_tart_cherry_f_Pp1_36766782,113.33
1,RosBREED_snp_sweet_cherry_Pp1_36865299,113.76
1,RosBREED_snp_tart_cherry_a_Pp1_36919612,114
1,RosBREED_snp_tart_cherry_f_Pp1_36920259,114.01
1,RosBREED_snp_tart_cherry_a_Pp1_36959467,114.18
1,RosBREED_snp_sweet_cherry_Pp1_36993407,114.33
1,RosBREED_snp_tart_cherry_f_Pp1_37001939,114.63
1,RosBREED_snp_sweet_cherry_Pp1_37007127,114.81
1,RosBREED_snp_sweet_cherry_Pp1_37026940,115.51
1,RosBREED_snp_sweet_cherry_Pp1_37069075,117.01
1,RosCOS1169-212_snp_sweet_cherry_Pp1_37078592,117.35
1,RosBREED_snp_sweet_cherry_Pp1_37241278,117.65
1,RosBREED_snp_sweet_cherry_Pp1_37599116,118.32
1,RosBREED_snp_tart_cherry_a_Pp1_38376904,119.79
1,RosBREED_snp_tart_cherry_f_Pp1_39208450,121.35
1,RosBREED_snp_tart_cherry_a_Pp1_39372163,121.65
1,RosBREED_snp_tart_cherry_f_Pp1_39520733,121.93
1,RosCOS1312-113_snp_sweet_cherry_Pp1_39523863,121.94
1,RosBREED_snp_tart_cherry_a_Pp1_39776257,122.41
1,RosCOS2373-074_snp_sweet_cherry_Pp1_39849154,122.55
1,RosBREED_snp_tart_cherry_f_Pp1_39886204,122.62
1,RosBREED_snp_sweet_cherry_Pp1_40057233,122.94
1,RosBREED_snp_tart_cherry_f_Pp1_40094088,123.01
1,RosBREED_snp_sweet_cherry_Pp1_40600033,123.94
1,RosBREED_snp_sweet_cherry_Pp1_41134415,124.71
1,RosBREED_snp_sweet_cherry_Pp1_41262007,124.89
1,RosBREED_snp_sweet_cherry_Pp1_41526806,125.27
1,RosBREED_snp_sweet_cherry_Pp1_46751928,126.08
1,RosBREED_snp_sweet_cherry_Pp1_46635504,126.24
1,RosBREED_snp_sweet_cherry_Pp1_46530908,126.39
1,RosBREED_snp_tart_cherry_f_Pp1_46512070,126.42
1,RosBREED_snp_sweet_cherry_Pp1_46402818,126.58
1,RosBREED_snp_sweet_cherry_Pp1_46277304,126.76
1,RosBREED_snp_sweet_cherry_Pp1_46237075,126.81
1,RosBREED_snp_tart_cherry_f_Pp1_46207321,126.86
1,RosBREED_snp_sweet_cherry_Pp1_45924398,127.26
1,RosBREED_snp_sweet_cherry_Pp1_45823056,127.41
1,RosBREED_snp_tart_cherry_a_Pp1_45748141,127.51
1,RosCOS1627-070_snp_sweet_cherry_Pp1_45682217,128.31
1,RosBREED_snp_sweet_cherry_Pp1_45680542,128.35
1,RosBREED_snp_sweet_cherry_Pp1_45633267,129.29
1,RosBREED_snp_sweet_cherry_Pp1_45473214,131.71
1,RosBREED_snp_tart_cherry_a_Pp1_45418879,132.53
1,RosBREED_snp_tart_cherry_a_Pp1_44893274,132.78
1,RosBREED_snp_sweet_cherry_Pp1_45402154,132.78
1,RosCOS1159-099_snp_sweet_cherry_Pp1_45077993,132.78
1,RosBREED_snp_tart_cherry_f_Pp1_45299782,132.78
1,RosCOS1448-113_snp_sweet_cherry_Pp1_45226245,132.78
1,RosBREED_snp_tart_cherry_f_Pp1_45169388,132.78
1,RosBREED_snp_sweet_cherry_Pp1_45021181,132.78
1,RosBREED_snp_sweet_cherry_Pp1_45028492,132.78
1,RosBREED_snp_sweet_cherry_Pp1_45163766,132.78
1,RosBREED_snp_sweet_cherry_Pp1_45322930,132.78
1,RosBREED_snp_tart_cherry_a_Pp1_44823707,132.78
1,RosBREED_snp_sweet_cherry_Pp1_44719900,133.61
1,RosBREED_snp_tart_cherry_a_Pp1_44660028,134.33
1,RosBREED_snp_sweet_cherry_Pp1_44247150,134.47
1,RosBREED_snp_sweet_cherry_Pp1_44565586,134.47
1,RosBREED_snp_tart_cherry_f_Pp1_44377719,134.47
1,RosBREED_snp_tart_cherry_f_Pp1_44223837,134.52
1,RosBREED_snp_sweet_cherry_Pp1_44132511,134.74
1,RosBREED_snp_sweet_cherry_Pp1_44045161,134.94
1,RosCOS1232-203_snp_sweet_cherry_Pp1_44008562,135.03
1,RosCOS1232-107_snp_sweet_cherry_Pp1_44008658,135.03
1,RosBREED_snp_sweet_cherry_Pp1_43975890,135.1
1,RosBREED_snp_sweet_cherry_Pp1_43875207,135.34
1,RosCOS1139-146_snp_sweet_cherry_Pp1_43832684,135.54
1,RosBREED_snp_sweet_cherry_Pp1_43806891,135.67
1,RosBREED_snp_tart_cherry_a_Pp1_43556762,136.6
1,RosBREED_snp_sweet_cherry_Pp1_43002420,138.24
1,RosBREED_snp_sweet_cherry_Pp1_42600782,139.42
1,RosBREED_snp_tart_cherry_f_Pp1_42475128,139.79
1,RosBREED_snp_sweet_cherry_Pp1_42337214,140.2
1,RosBREED_snp_sweet_cherry_Pp1_42196706,140.61
1,RosBREED_snp_sweet_cherry_Pp1_42060318,141.02
1,RosBREED_snp_tart_cherry_a_Pp1_42037229,141.09
1,RosCOS1347-123_snp_sweet_cherry_Pp1_42003897,141.18
2,RosBREED_snp_sweet_cherry_Pp2_10206351,0
2,RosBREED_snp_sweet_cherry_Pp2_09918248,2.58
2,RosBREED_snp_sweet_cherry_Pp2_09498888,4.74
2,RosCOS0541-352_snp_sweet_cherry_Pp2_09280533,6.42
2,RosCOS0541-248_snp_sweet_cherry_Pp2_09280420,6.42
2,RosBREED_snp_sweet_cherry_Pp2_00297105,6.58
2,RosBREED_snp_sweet_cherry_Pp2_00350384,6.59
2,RosBREED_snp_sweet_cherry_Pp2_00911589,6.71
2,RosBREED_snp_tart_cherry_f_Pp2_00898490,6.71
2,RosBREED_snp_sweet_cherry_Pp2_01029506,6.74
2,RosBREED_snp_sweet_cherry_Pp2_01170277,6.77
2,RosBREED_snp_sweet_cherry_Pp2_01221960,6.78
2,RosBREED_snp_tart_cherry_f_Pp2_01241632,6.79
2,RosBREED_snp_sweet_cherry_Pp2_01653466,6.88
2,RosBREED_snp_sweet_cherry_Pp2_01951353,6.95
2,RosBREED_snp_sweet_cherry_Pp2_02008976,6.96
2,RosBREED_snp_sweet_cherry_Pp2_02054919,6.97
2,RosBREED_snp_sweet_cherry_Pp2_02164751,6.99
2,RosBREED_snp_sweet_cherry_Pp2_02460293,7.06
2,RosBREED_snp_sweet_cherry_Pp2_02735391,7.12
2,RosBREED_snp_sweet_cherry_Pp2_02840304,7.14
2,RosBREED_snp_sweet_cherry_Pp2_03396708,7.27
2,RosBREED_snp_sweet_cherry_Pp2_03488474,7.29
2,RosBREED_snp_tart_cherry_a_Pp2_03897197,7.38
2,RosBREED_snp_sweet_cherry_Pp2_04230797,7.45
2,RosBREED_snp_sweet_cherry_Pp2_04801902,7.58
2,RosBREED_snp_sweet_cherry_Pp2_05493845,7.74
2,RosBREED_snp_sweet_cherry_Pp2_05865200,7.82
2,RosBREED_snp_sweet_cherry_Pp2_06844099,8.04
2,RosBREED_snp_sweet_cherry_Pp2_07732154,8.24
2,RosBREED_snp_sweet_cherry_Pp4_22154481,8.55
2,RosBREED_snp_tart_cherry_a_Pp4_22125695,8.56
2,RosBREED_snp_sweet_cherry_Pp4_22126812,8.56
2,RosBREED_snp_sweet_cherry_Pp4_21580914,8.68
2,RosBREED_snp_sweet_cherry_Pp4_21141260,8.8
2,RosBREED_snp_sweet_cherry_Pp4_20865038,10.64
2,RosBREED_snp_sweet_cherry_Pp2_10930583,11.64
2,RosBREED_snp_sweet_cherry_Pp2_11540955,13.49
2,RosBREED_snp_tart_cherry_f_Pp2_11553870,13.57
2,RosBREED_snp_sweet_cherry_Pp2_12244944,18.21
2,RosBREED_snp_tart_cherry_a_Pp2_12247320,18.22
2,RosBREED_snp_sweet_cherry_Pp2_12407490,19.3
2,RosBREED_snp_tart_cherry_f_Pp2_13629048,24.32
2,RosBREED_snp_sweet_cherry_Pp2_14255547,26.89
2,RosBREED_snp_sweet_cherry_Pp2_14725827,28.64
2,RosBREED_snp_sweet_cherry_Pp2_15084429,28.97
2,RosBREED_snp_sweet_cherry_Pp2_15129278,29
2,RosBREED_snp_sweet_cherry_Pp2_15127760,29
2,RosBREED_snp_sweet_cherry_Pp2_15172649,29.03
2,RosBREED_snp_sweet_cherry_Pp2_15162260,29.03
2,RosBREED_snp_sweet_cherry_Pp7_11504432,29.22
2,RosBREED_snp_tart_cherry_a_Pp7_11790341,29.42
2,RosBREED_snp_sweet_cherry_Pp2_15337787,29.7
2,RosBREED_snp_sweet_cherry_Pp2_15492297,30.76
2,RosBREED_snp_sweet_cherry_Pp2_15598480,31.69
2,RosBREED_snp_sweet_cherry_Pp2_15658996,31.91
2,RosBREED_snp_sweet_cherry_Pp2_15747822,32.83
2,RosBREED_snp_sweet_cherry_Pp2_15778222,32.95
2,RosBREED_snp_sweet_cherry_Pp2_15873315,33.32
2,RosBREED_snp_sweet_cherry_Pp2_15873418,33.32
2,RosBREED_snp_sweet_cherry_Pp2_15894385,33.41
2,RosBREED_snp_sweet_cherry_Pp2_15894441,33.41
2,RosBREED_snp_tart_cherry_a_Pp2_16111179,34.2
2,RosBREED_snp_sweet_cherry_Pp2_16118423,34.2
2,RosBREED_snp_sweet_cherry_Pp2_16142700,35.11
2,RosBREED_snp_sweet_cherry_Pp2_16229065,37.85
2,RosBREED_snp_tart_cherry_f_Pp2_16519837,40.05
2,RosBREED_snp_sweet_cherry_Pp2_16530061,40.12
2,RosBREED_snp_sweet_cherry_Pp2_16644104,40.28
2,RosBREED_snp_sweet_cherry_Pp2_16550340,40.28
2,RosBREED_snp_sweet_cherry_Pp2_16581454,40.28
2,RosBREED_snp_sweet_cherry_Pp2_16583654,40.28
2,RosBREED_snp_sweet_cherry_Pp2_16585549,40.28
2,RosBREED_snp_sweet_cherry_Pp2_16657611,40.43
2,RosBREED_snp_sweet_cherry_Pp2_16671049,40.58
2,RosBREED_snp_sweet_cherry_Pp2_16689292,40.79
2,RosBREED_snp_sweet_cherry_Pp2_16732373,41.29
2,RosBREED_snp_sweet_cherry_Pp2_16779535,41.83
2,RosBREED_snp_sweet_cherry_Pp2_16801115,42.08
2,RosBREED_snp_sweet_cherry_Pp2_16827404,42.38
2,RosBREED_snp_sweet_cherry_Pp2_16842231,42.55
2,RosBREED_snp_sweet_cherry_Pp2_16874016,42.91
2,RosBREED_snp_sweet_cherry_Pp2_16879478,42.93
2,RosBREED_snp_sweet_cherry_Pp2_16875339,42.93
2,RosBREED_snp_tart_cherry_a_Pp2_16926980,42.98
2,RosBREED_snp_sweet_cherry_Pp2_17026524,43.08
2,RosBREED_snp_sweet_cherry_Pp2_17039549,43.09
2,RosBREED_snp_sweet_cherry_Pp2_17047675,43.1
2,RosBREED_snp_sweet_cherry_Pp2_17207160,43.26
2,RosBREED_snp_tart_cherry_a_Pp2_17207142,43.26
2,RosBREED_snp_sweet_cherry_Pp2_17244146,43.3
2,RosBREED_snp_sweet_cherry_Pp2_17426363,43.49
2,RosBREED_snp_sweet_cherry_Pp2_17470794,43.53
2,RosBREED_snp_sweet_cherry_Pp2_17469838,43.53
2,RosBREED_snp_tart_cherry_a_Pp2_17473563,43.54
2,RosBREED_snp_sweet_cherry_Pp2_17560969,43.63
2,RosBREED_snp_sweet_cherry_Pp2_17574355,43.64
2,RosBREED_snp_sweet_cherry_Pp2_17571610,43.64
2,RosBREED_snp_sweet_cherry_Pp2_17731307,43.8
2,RosBREED_snp_sweet_cherry_Pp2_17736916,43.81
2,RosBREED_snp_sweet_cherry_Pp2_17931590,44.01
2,RosBREED_snp_sweet_cherry_Pp2_18149310,44.23
2,RosBREED_snp_sweet_cherry_Pp2_18371629,44.46
2,RosBREED_snp_tart_cherry_a_Pp2_18433815,44.52
2,RosBREED_snp_sweet_cherry_Pp2_18588411,44.68
2,RosBREED_snp_sweet_cherry_Pp2_18683588,44.78
2,RosCOS1276-104_snp_sweet_cherry_Pp2_18681412,44.78
2,RosBREED_snp_sweet_cherry_Pp2_18702609,44.8
2,RosBREED_snp_sweet_cherry_Pp2_18755669,44.85
2,RosBREED_snp_tart_cherry_f_Pp2_18753870,44.85
2,RosBREED_snp_sweet_cherry_Pp2_18871385,44.97
2,RosBREED_snp_tart_cherry_f_Pp2_18963376,45.07
2,RosBREED_snp_sweet_cherry_Pp2_18988718,45.09
2,RosBREED_snp_sweet_cherry_Pp2_18997401,45.1
2,RosBREED_snp_sweet_cherry_Pp2_19027747,45.13
2,RosBREED_snp_sweet_cherry_Pp2_19061737,45.17
2,RosBREED_snp_tart_cherry_f_Pp2_19138888,45.25
2,RosBREED_snp_sweet_cherry_Pp2_19308510,45.42
2,RosBREED_snp_sweet_cherry_Pp2_19364459,45.48
2,RosBREED_snp_sweet_cherry_Pp2_19384216,45.5
2,RosBREED_snp_sweet_cherry_Pp2_19422560,45.54
2,RosBREED_snp_tart_cherry_a_Pp2_19629831,45.75
2,RosBREED_snp_sweet_cherry_Pp2_19643557,45.77
2,RosBREED_snp_sweet_cherry_Pp2_19664779,45.79
2,RosBREED_snp_sweet_cherry_Pp2_19684679,45.81
2,RosBREED_snp_sweet_cherry_Pp2_19724366,45.85
2,RosBREED_snp_sweet_cherry_Pp2_19869360,46
2,RosBREED_snp_sweet_cherry_Pp2_20170303,46.31
2,RosBREED_snp_sweet_cherry_Pp2_20340464,46.48
2,RosBREED_snp_sweet_cherry_Pp2_20371321,46.51
2,RosBREED_snp_sweet_cherry_Pp2_20458193,46.6
2,RosBREED_snp_tart_cherry_a_Pp2_20470247,46.72
2,RosCOS3435-428_snp_sweet_cherry_Pp2_20616108,48.15
2,RosBREED_snp_sweet_cherry_Pp2_20724836,49.2
2,RosBREED_snp_sweet_cherry_Pp2_20758268,49.53
2,RosBREED_snp_sweet_cherry_Pp2_20799111,49.93
2,RosBREED_snp_tart_cherry_f_Pp2_20808955,50.02
2,RosBREED_snp_sweet_cherry_Pp2_20834183,50.27
2,RosBREED_snp_sweet_cherry_Pp2_20925443,51.16
2,RosBREED_snp_tart_cherry_a_Pp2_21131678,53.18
2,RosBREED_snp_tart_cherry_a_Pp2_21290638,53.69
2,RosBREED_snp_tart_cherry_a_Pp2_21611064,54.45
2,RosBREED_snp_sweet_cherry_Pp2_21670225,55.03
2,RosBREED_snp_tart_cherry_a_Pp2_21905412,57.35
2,RosBREED_snp_sweet_cherry_Pp2_21965305,57.95
2,RosBREED_snp_tart_cherry_f_Pp2_22081401,59.09
2,RosCOS1328-437_snp_sweet_cherry_Pp2_22162871,59.9
2,RosCOS1328-366_snp_sweet_cherry_Pp2_22162942,59.9
2,RosBREED_snp_tart_cherry_a_Pp2_22180684,59.96
2,RosBREED_snp_tart_cherry_f_Pp2_22290683,60.35
2,RosBREED_snp_sweet_cherry_Pp2_22337017,60.51
2,RosBREED_snp_tart_cherry_a_Pp2_22419189,60.81
2,RosBREED_snp_tart_cherry_f_Pp2_22516775,61.15
2,RosBREED_snp_tart_cherry_f_Pp2_22582237,61.38
2,RosCOS1310-102_snp_sweet_cherry_Pp2_22593260,61.42
2,RosBREED_snp_sweet_cherry_Pp2_22607149,61.47
2,RosBREED_snp_tart_cherry_a_Pp2_22733318,61.92
2,RosBREED_snp_tart_cherry_f_Pp2_22770496,62.05
2,RosBREED_snp_sweet_cherry_Pp2_22849699,62.33
2,RosBREED_snp_tart_cherry_f_Pp2_22896995,62.5
2,RosBREED_snp_sweet_cherry_Pp2_22971569,62.76
2,RosBREED_snp_tart_cherry_f_Pp2_23030333,62.97
2,RosBREED_snp_sweet_cherry_Pp2_23118342,63.29
2,RosBREED_snp_sweet_cherry_Pp2_23234792,63.7
2,RosBREED_snp_tart_cherry_a_Pp2_23268009,63.82
2,RosBREED_snp_tart_cherry_f_Pp2_23270219,63.82
2,RosBREED_snp_tart_cherry_a_Pp2_23385608,64.23
2,RosBREED_snp_sweet_cherry_Pp2_23414368,64.33
2,RosBREED_snp_sweet_cherry_Pp2_23443484,64.44
2,RosBREED_snp_sweet_cherry_Pp2_23507712,64.66
2,RosBREED_snp_sweet_cherry_Pp2_23602708,65
2,RosBREED_snp_tart_cherry_a_Pp2_23626572,65.09
2,RosBREED_snp_sweet_cherry_Pp2_23677256,65.27
2,RosBREED_snp_sweet_cherry_Pp2_23744709,65.5
2,RosBREED_snp_sweet_cherry_Pp2_23843142,65.85
2,RosBREED_snp_sweet_cherry_Pp2_24013355,66.46
2,RosBREED_snp_tart_cherry_a_Pp2_24171255,67
2,RosBREED_snp_tart_cherry_a_Pp2_24342576,67.17
2,RosBREED_snp_sweet_cherry_Pp2_24338009,67.17
2,RosBREED_snp_tart_cherry_f_Pp2_24426158,67.25
2,RosBREED_snp_tart_cherry_f_Pp2_24498934,67.33
2,RosBREED_snp_sweet_cherry_Pp2_24536908,67.37
2,RosBREED_snp_sweet_cherry_Pp2_24555491,67.38
2,RosBREED_snp_sweet_cherry_Pp2_24707507,67.54
2,RosBREED_snp_tart_cherry_a_Pp2_24832971,67.66
2,RosBREED_snp_sweet_cherry_Pp2_24856171,67.69
2,RosBREED_snp_tart_cherry_f_Pp2_24867853,67.7
2,RosBREED_snp_sweet_cherry_Pp2_24946685,67.78
2,RosBREED_snp_sweet_cherry_Pp2_25180178,68.01
2,RosBREED_snp_tart_cherry_a_Pp2_25262427,68.09
2,RosBREED_snp_sweet_cherry_Pp2_25339982,68.17
2,RosBREED_snp_tart_cherry_f_Pp2_25465755,68.3
2,RosBREED_snp_sweet_cherry_Pp2_25512709,68.34
2,RosBREED_snp_sweet_cherry_Pp2_25543726,68.42
2,RosBREED_snp_tart_cherry_f_Pp2_25548735,68.43
2,RosBREED_snp_tart_cherry_a_Pp2_25623973,68.61
2,RosBREED_snp_sweet_cherry_Pp2_25633209,68.63
2,RosBREED_snp_sweet_cherry_Pp2_25752164,68.91
2,RosBREED_snp_sweet_cherry_Pp2_25813283,69.05
2,RosBREED_snp_sweet_cherry_Pp2_25872078,69.19
2,RosBREED_snp_tart_cherry_f_Pp2_26001625,69.49
2,RosBREED_snp_sweet_cherry_Pp2_26021010,69.54
2,RosBREED_snp_sweet_cherry_Pp2_26049219,69.6
2,RosBREED_snp_tart_cherry_a_Pp2_26172736,69.89
2,RosBREED_snp_sweet_cherry_Pp2_26173209,69.89
2,RosBREED_snp_tart_cherry_a_Pp2_26309491,70.21
2,RosCOS2370-108_snp_sweet_cherry_Pp2_26346122,70.3
2,RosBREED_snp_sweet_cherry_Pp2_26603989,70.91
2,RosBREED_snp_sweet_cherry_Pp2_26640380,70.99
3,RosBREED_snp_sweet_cherry_Pp3_00228413,0
3,RosBREED_snp_sweet_cherry_Pp3_00311266,2.39
3,RosBREED_snp_sweet_cherry_Pp3_00387414,3.95
3,RosBREED_snp_tart_cherry_a_Pp3_00408703,4.04
3,RosCOS3679-192_snp_sweet_cherry_Pp3_00509856,4.44
3,RosBREED_snp_sweet_cherry_Pp3_00511746,4.45
3,RosBREED_snp_sweet_cherry_Pp3_00635021,4.95
3,RosBREED_snp_sweet_cherry_Pp3_00860078,6.33
3,RosBREED_snp_tart_cherry_a_Pp3_01137810,8.03
3,RosBREED_snp_tart_cherry_f_Pp3_01182045,8.26
3,RosBREED_snp_sweet_cherry_Pp3_01257143,8.26
3,RosBREED_snp_sweet_cherry_Pp3_01174681,8.26
3,RosBREED_snp_tart_cherry_a_Pp3_01409656,8.52
3,RosBREED_snp_sweet_cherry_Pp3_01414476,8.53
3,RosBREED_snp_sweet_cherry_Pp3_01439124,8.57
3,RosBREED_snp_sweet_cherry_Pp3_01476283,8.63
3,RosBREED_snp_tart_cherry_a_Pp3_01487618,8.65
3,RosBREED_snp_sweet_cherry_Pp3_01494588,8.66
3,RosBREED_snp_tart_cherry_f_Pp3_01496302,8.67
3,RosBREED_snp_sweet_cherry_Pp3_01544427,8.75
3,RosBREED_snp_tart_cherry_a_Pp3_01841799,9.26
3,RosBREED_snp_sweet_cherry_Pp3_01933543,9.41
3,RosBREED_snp_tart_cherry_a_Pp3_01953269,9.44
3,RosBREED_snp_tart_cherry_a_Pp3_02129632,9.74
3,RosBREED_snp_sweet_cherry_Pp3_02181990,9.83
3,RosBREED_snp_sweet_cherry_Pp3_02200082,9.86
3,RosBREED_snp_tart_cherry_f_Pp3_02203771,9.87
3,RosBREED_snp_tart_cherry_a_Pp3_02265477,9.98
3,RosBREED_snp_sweet_cherry_Pp3_02307153,10.05
3,RosBREED_snp_sweet_cherry_Pp3_02387092,10.18
3,RosBREED_snp_sweet_cherry_Pp3_02449907,10.29
3,RosBREED_snp_sweet_cherry_Pp3_02512839,10.98
3,RosBREED_snp_tart_cherry_a_Pp3_02598588,11.9
3,RosBREED_snp_sweet_cherry_Pp3_02615230,12.08
3,RosBREED_snp_sweet_cherry_Pp3_02679794,12.78
3,RosBREED_snp_tart_cherry_a_Pp3_02698079,12.98
3,RosBREED_snp_sweet_cherry_Pp3_02699030,12.99
3,RosBREED_snp_tart_cherry_a_Pp3_02735639,13.23
3,RosBREED_snp_tart_cherry_f_Pp3_02738097,13.25
3,RosBREED_snp_tart_cherry_a_Pp3_02804457,13.68
3,RosBREED_snp_sweet_cherry_Pp3_02845006,13.95
3,RosBREED_snp_sweet_cherry_Pp3_02887683,14.23
3,RosBREED_snp_sweet_cherry_Pp3_02910993,14.38
3,RosBREED_snp_tart_cherry_a_Pp3_02912959,14.4
3,RosBREED_snp_sweet_cherry_Pp3_03136656,15.53
3,RosBREED_snp_sweet_cherry_Pp3_03161286,15.72
3,RosBREED_snp_sweet_cherry_Pp3_03196604,16
3,RosBREED_snp_tart_cherry_a_Pp3_03241000,16.35
3,RosBREED_snp_sweet_cherry_Pp3_03300749,16.82
3,RosBREED_snp_tart_cherry_a_Pp3_03318355,16.96
3,RosBREED_snp_sweet_cherry_Pp3_03466624,18.12
3,RosBREED_snp_tart_cherry_a_Pp3_03501764,18.4
3,RosBREED_snp_sweet_cherry_Pp3_03530651,18.62
3,RosBREED_snp_sweet_cherry_Pp3_03593732,19.12
3,RosBREED_snp_tart_cherry_a_Pp3_03644850,19.45
3,RosBREED_snp_tart_cherry_a_Pp3_03988721,21.77
3,RosBREED_snp_sweet_cherry_Pp3_04016810,22
3,RosBREED_snp_sweet_cherry_Pp3_04123843,22.89
3,RosBREED_snp_sweet_cherry_Pp3_04145092,23.07
3,RosBREED_snp_sweet_cherry_Pp3_04197714,23.51
3,RosBREED_snp_tart_cherry_a_Pp3_04224596,23.73
3,RosBREED_snp_tart_cherry_a_Pp3_04298083,24.34
3,RosBREED_snp_sweet_cherry_Pp3_04301861,24.38
3,RosBREED_snp_sweet_cherry_Pp3_04334085,24.82
3,RosBREED_snp_tart_cherry_f_Pp3_04633547,26.8
3,RosBREED_snp_sweet_cherry_Pp3_04755490,27.34
3,RosBREED_snp_sweet_cherry_Pp3_05440880,29.12
3,RosCOS1295-534_snp_sweet_cherry_Pp3_05359437,29.12
3,RosBREED_snp_sweet_cherry_Pp3_06031878,29.99
3,RosBREED_snp_tart_cherry_a_Pp3_06273459,30.13
3,RosBREED_snp_sweet_cherry_Pp3_06477319,30.24
3,RosBREED_snp_tart_cherry_a_Pp3_06515224,30.24
3,RosBREED_snp_sweet_cherry_Pp3_06738267,30.4
3,RosBREED_snp_tart_cherry_a_Pp3_06783562,30.48
3,RosBREED_snp_sweet_cherry_Pp3_06851920,30.6
3,RosCOS1140-103_snp_sweet_cherry_Pp3_07295951,31.36
3,RosBREED_snp_sweet_cherry_Pp3_07572277,31.84
3,RosBREED_snp_tart_cherry_f_Pp3_07812427,32.26
3,RosBREED_snp_sweet_cherry_Pp3_08552044,33.5
3,RosBREED_snp_sweet_cherry_Pp3_08682835,33.7
3,RosBREED_snp_sweet_cherry_Pp3_08859929,33.95
3,RosBREED_snp_tart_cherry_f_Pp3_09074972,34.27
3,RosBREED_snp_sweet_cherry_Pp3_09160314,34.39
3,RosBREED_snp_sweet_cherry_Pp3_09226646,34.49
3,RosBREED_snp_sweet_cherry_Pp3_09329165,34.64
3,RosBREED_snp_sweet_cherry_Pp3_09379690,34.71
3,RosBREED_snp_sweet_cherry_Pp4_16221109,35.44
3,RosBREED_snp_sweet_cherry_Pp4_16184822,35.49
3,RosCOS1134-107_snp_sweet_cherry_Pp4_16075683,35.65
3,RosBREED_snp_sweet_cherry_Pp4_15359611,35.86
3,RosBREED_snp_sweet_cherry_Pp4_15070360,35.94
3,RosBREED_snp_sweet_cherry_Pp3_09729116,36.97
3,RosBREED_snp_tart_cherry_a_Pp3_09782875,36.98
3,RosBREED_snp_sweet_cherry_Pp3_09789199,36.98
3,RosBREED_snp_sweet_cherry_Pp3_10022424,38.4
3,RosBREED_snp_sweet_cherry_Pp3_10264563,38.4
3,RosBREED_snp_sweet_cherry_Pp3_10105783,38.4
3,RosBREED_snp_sweet_cherry_Pp3_10573974,38.54
3,RosBREED_snp_tart_cherry_a_Pp3_10590166,38.55
3,RosBREED_snp_sweet_cherry_Pp3_10626205,38.56
3,RosBREED_snp_sweet_cherry_Pp3_10675150,38.59
3,RosBREED_snp_sweet_cherry_Pp3_10822211,38.65
3,RosBREED_snp_tart_cherry_a_Pp3_10908880,38.69
3,RosBREED_snp_tart_cherry_a_Pp3_12115409,39.07
3,RosBREED_snp_sweet_cherry_Pp3_12383977,39.19
3,RosBREED_snp_sweet_cherry_Pp3_12474678,39.73
3,RosBREED_snp_sweet_cherry_Pp3_12500413,39.89
3,RosBREED_snp_tart_cherry_f_Pp3_12503462,39.91
3,RosBREED_snp_tart_cherry_f_Pp3_12539794,40.13
3,RosBREED_snp_sweet_cherry_Pp3_12944437,42.56
3,RosBREED_snp_sweet_cherry_Pp3_13025963,43.05
3,RosBREED_snp_tart_cherry_a_Pp3_13063792,43.27
3,RosBREED_snp_sweet_cherry_Pp3_13208005,43.76
3,RosBREED_snp_sweet_cherry_Pp3_13144730,43.76
3,RosBREED_snp_tart_cherry_f_Pp3_13369328,47.72
3,RosBREED_snp_sweet_cherry_Pp3_13406263,48.27
3,RosBREED_snp_sweet_cherry_Pp3_13433848,48.69
3,RosBREED_snp_sweet_cherry_Pp3_13466702,49.19
3,RosBREED_snp_sweet_cherry_Pp3_13520194,50.14
3,RosBREED_snp_sweet_cherry_Pp3_13563908,50.92
3,RosBREED_snp_sweet_cherry_Pp3_13567593,50.98
3,RosBREED_snp_sweet_cherry_Pp3_13724726,52.57
3,RosBREED_snp_sweet_cherry_Pp3_13754793,52.87
3,RosBREED_snp_sweet_cherry_Pp3_13795019,53.28
3,RosBREED_snp_tart_cherry_a_Pp3_13881088,54.11
3,RosCOS3766-391_snp_sweet_cherry_Pp3_13878008,54.11
3,RosBREED_snp_sweet_cherry_Pp3_14024780,54.53
3,RosBREED_snp_sweet_cherry_Pp3_14146853,54.89
3,RosBREED_snp_sweet_cherry_Pp3_14316165,55.38
3,RosBREED_snp_tart_cherry_a_Pp3_14442011,55.75
3,RosBREED_snp_sweet_cherry_Pp3_14521488,55.98
3,RosBREED_snp_sweet_cherry_Pp3_14599590,56.21
3,RosBREED_snp_tart_cherry_f_Pp3_15171728,57.88
3,RosBREED_snp_tart_cherry_a_Pp3_15305145,58.27
3,RosBREED_snp_sweet_cherry_Pp3_15309954,58.28
3,RosBREED_snp_sweet_cherry_Pp3_15357433,58.3
3,RosBREED_snp_sweet_cherry_Pp3_15455662,58.35
3,RosBREED_snp_tart_cherry_a_Pp3_15601024,58.41
3,RosBREED_snp_tart_cherry_f_Pp3_15621883,58.42
3,RosBREED_snp_sweet_cherry_Pp3_15682037,58.45
3,RosBREED_snp_tart_cherry_f_Pp3_15942453,61.18
3,RosBREED_snp_sweet_cherry_Pp3_15960505,61.39
3,RosBREED_snp_sweet_cherry_Pp3_16006911,61.53
3,RosBREED_snp_tart_cherry_f_Pp3_16122412,61.9
3,RosBREED_snp_sweet_cherry_Pp3_16147817,61.99
3,RosBREED_snp_sweet_cherry_Pp3_16511114,63.16
3,RosBREED_snp_sweet_cherry_Pp3_16559009,63.31
3,RosBREED_snp_sweet_cherry_Pp3_16692901,63.74
3,RosBREED_snp_sweet_cherry_Pp3_16840399,64.22
3,RosBREED_snp_sweet_cherry_Pp3_16891221,64.38
3,RosBREED_snp_tart_cherry_f_Pp3_17534527,65.71
3,RosBREED_snp_sweet_cherry_Pp3_17633655,65.71
3,RosBREED_snp_sweet_cherry_Pp3_17585551,65.71
3,RosBREED_snp_sweet_cherry_Pp3_17538569,65.71
3,RosBREED_snp_sweet_cherry_Pp3_17492909,65.71
3,RosBREED_snp_sweet_cherry_Pp3_17402466,65.71
3,RosBREED_snp_sweet_cherry_Pp3_17343716,65.71
3,RosBREED_snp_sweet_cherry_Pp3_17302344,65.71
3,RosBREED_snp_tart_cherry_f_Pp3_17622921,65.71
3,RosBREED_snp_sweet_cherry_Pp3_17686981,65.97
3,RosBREED_snp_sweet_cherry_Pp3_17764439,66.33
3,RosBREED_snp_sweet_cherry_Pp3_18003699,67.41
3,RosCOS1828-405_snp_sweet_cherry_Pp3_18003809,67.41
3,RosBREED_snp_sweet_cherry_Pp3_18138999,67.43
3,RosBREED_snp_sweet_cherry_Pp3_18281259,67.47
3,RosBREED_snp_sweet_cherry_Pp3_18419753,67.5
3,RosBREED_snp_tart_cherry_f_Pp3_18467711,67.51
3,RosBREED_snp_sweet_cherry_Pp3_18465918,67.51
3,RosBREED_snp_sweet_cherry_Pp3_18512598,67.52
3,RosBREED_snp_sweet_cherry_Pp3_18807278,67.58
3,RosBREED_snp_sweet_cherry_Pp3_18875602,67.6
3,RosBREED_snp_tart_cherry_a_Pp3_19021765,67.68
3,RosBREED_snp_sweet_cherry_Pp3_19065063,68.45
3,RosBREED_snp_sweet_cherry_Pp3_19297291,69.63
3,RosBREED_snp_sweet_cherry_Pp3_19524559,70.59
3,RosBREED_snp_sweet_cherry_Pp3_19579065,70.82
3,RosBREED_snp_sweet_cherry_Pp3_19626170,71.01
3,RosBREED_snp_sweet_cherry_Pp3_19858004,71.98
3,RosBREED_snp_tart_cherry_a_Pp3_19896497,72.14
3,RosBREED_snp_sweet_cherry_Pp3_19947464,72.36
3,RosBREED_snp_sweet_cherry_Pp3_20015472,72.64
3,RosBREED_snp_sweet_cherry_Pp3_20043199,72.76
3,RosBREED_snp_sweet_cherry_Pp3_20094909,72.98
3,RosBREED_snp_sweet_cherry_Pp3_20204650,73.44
3,RosBREED_snp_tart_cherry_a_Pp3_20259294,73.65
3,RosBREED_snp_sweet_cherry_Pp3_20277831,73.7
3,RosBREED_snp_tart_cherry_f_Pp3_20295529,73.75
3,RosBREED_snp_sweet_cherry_Pp3_20319642,73.81
3,RosBREED_snp_sweet_cherry_Pp3_20474440,74.23
3,RosBREED_snp_tart_cherry_a_Pp3_20620773,74.62
3,RosBREED_snp_sweet_cherry_Pp3_20736561,74.93
3,RosBREED_snp_sweet_cherry_Pp3_20777376,75.04
3,RosBREED_snp_sweet_cherry_Pp3_21003752,75.65
3,RosBREED_snp_sweet_cherry_Pp3_21142174,76.12
3,RosBREED_snp_tart_cherry_f_Pp3_21310675,76.53
3,RosBREED_snp_sweet_cherry_Pp3_21310851,76.53
3,RosBREED_snp_sweet_cherry_Pp3_21352948,76.63
3,RosBREED_snp_sweet_cherry_Pp3_21427385,76.81
3,RosBREED_snp_tart_cherry_a_Pp3_21491412,76.97
3,RosBREED_snp_sweet_cherry_Pp3_21502853,77
3,RosBREED_snp_sweet_cherry_Pp3_21542784,77.1
3,RosBREED_snp_sweet_cherry_Pp3_21614148,77.27
3,RosBREED_snp_tart_cherry_f_Pp3_21641939,77.34
3,RosBREED_snp_sweet_cherry_Pp3_21653409,77.37
3,RosBREED_snp_tart_cherry_a_Pp3_21748216,77.64
3,RosBREED_snp_sweet_cherry_Pp3_21767936,77.7
3,RosBREED_snp_sweet_cherry_Pp3_21808279,77.81
4,RosBREED_snp_sweet_cherry_Pp4_00153434,0
4,RosBREED_snp_tart_cherry_f_Pp4_00178388,1.88
4,RosBREED_snp_tart_cherry_a_Pp4_00224392,2.36
4,RosBREED_snp_tart_cherry_a_Pp4_00347643,3.66
4,RosBREED_snp_sweet_cherry_Pp4_00473163,4.98
4,RosBREED_snp_tart_cherry_a_Pp4_00512778,5.4
4,RosBREED_snp_sweet_cherry_Pp4_00633664,6.03
4,RosBREED_snp_tart_cherry_f_Pp4_00726273,6.07
4,RosBREED_snp_tart_cherry_a_Pp4_00725298,6.07
4,RosBREED_snp_sweet_cherry_Pp4_00759770,6.09
4,RosBREED_snp_tart_cherry_a_Pp4_00818950,6.12
4,RosBREED_snp_sweet_cherry_Pp4_00995724,6.2
4,RosBREED_snp_sweet_cherry_Pp4_01159642,6.28
4,RosBREED_snp_sweet_cherry_Pp4_01193477,6.3
4,RosBREED_snp_tart_cherry_a_Pp4_01619280,6.5
4,RosBREED_snp_sweet_cherry_Pp4_01748576,6.56
4,RosBREED_snp_sweet_cherry_Pp4_01871597,6.62
4,RosBREED_snp_tart_cherry_f_Pp4_02018251,6.69
4,RosBREED_snp_sweet_cherry_Pp4_02071162,6.71
4,RosBREED_snp_sweet_cherry_Pp4_02151854,6.75
4,RosBREED_snp_tart_cherry_a_Pp4_02170096,6.76
4,RosBREED_snp_tart_cherry_f_Pp4_02258698,6.8
4,RosBREED_snp_sweet_cherry_Pp4_02427939,6.89
4,RosBREED_snp_tart_cherry_f_Pp4_02451708,6.9
4,RosBREED_snp_tart_cherry_f_Pp4_02604396,7.01
4,RosBREED_snp_sweet_cherry_Pp4_02682092,7.12
4,RosBREED_snp_tart_cherry_a_Pp4_02689311,7.13
4,RosCOS1422-162_snp_sweet_cherry_Pp4_02841085,7.35
4,RosBREED_snp_tart_cherry_a_Pp4_02960827,7.52
4,RosBREED_snp_sweet_cherry_Pp4_03072387,7.68
4,RosBREED_snp_tart_cherry_f_Pp4_03188480,7.84
4,RosBREED_snp_sweet_cherry_Pp4_03307526,8.01
4,RosBREED_snp_tart_cherry_a_Pp4_03323871,8.03
4,RosBREED_snp_sweet_cherry_Pp4_03429627,8.82
4,RosBREED_snp_sweet_cherry_Pp4_03588507,10.18
4,RosBREED_snp_tart_cherry_a_Pp4_03707179,10.53
4,RosBREED_snp_tart_cherry_f_Pp4_03754482,10.66
4,RosBREED_snp_sweet_cherry_Pp4_03790729,10.77
4,RosBREED_snp_sweet_cherry_Pp4_03868462,10.99
4,RosBREED_snp_sweet_cherry_Pp4_03950730,11.96
4,RosBREED_snp_sweet_cherry_Pp4_04067478,12.82
4,RosBREED_snp_tart_cherry_f_Pp4_04153608,13.45
4,RosBREED_snp_sweet_cherry_Pp4_04196510,13.76
4,RosBREED_snp_tart_cherry_a_Pp4_04223876,13.96
4,RosBREED_snp_sweet_cherry_Pp4_04236021,14.05
4,RosBREED_snp_sweet_cherry_Pp4_04353195,14.74
4,RosBREED_snp_tart_cherry_a_Pp4_04351322,14.74
4,RosCOS1533-077_snp_sweet_cherry_Pp4_04329962,14.74
4,RosBREED_snp_sweet_cherry_Pp4_04392559,14.82
4,RosBREED_snp_tart_cherry_f_Pp4_04439901,14.92
4,RosBREED_snp_sweet_cherry_Pp4_04471205,14.99
4,RosBREED_snp_tart_cherry_f_Pp4_04525916,15.1
4,RosBREED_snp_sweet_cherry_Pp4_04551204,15.16
4,RosBREED_snp_tart_cherry_f_Pp4_04705519,15.48
4,RosBREED_snp_sweet_cherry_Pp4_05026586,16.16
4,RosBREED_snp_sweet_cherry_Pp4_05231853,16.59
4,RosBREED_snp_tart_cherry_a_Pp4_05246599,16.71
4,RosBREED_snp_sweet_cherry_Pp4_06072313,17.81
4,RosBREED_snp_tart_cherry_a_Pp4_06040567,17.93
4,RosBREED_snp_sweet_cherry_Pp4_05911133,18.41
4,RosBREED_snp_tart_cherry_a_Pp4_05885069,18.5
4,RosBREED_snp_sweet_cherry_Pp4_05638228,19.41
4,RosBREED_snp_tart_cherry_f_Pp4_05611933,19.51
4,RosBREED_snp_tart_cherry_a_Pp4_05606677,19.53
4,RosBREED_snp_sweet_cherry_Pp4_05588490,19.59
4,RosBREED_snp_sweet_cherry_Pp4_05550646,19.73
4,RosBREED_snp_sweet_cherry_Pp4_05490025,19.96
4,RosBREED_snp_tart_cherry_f_Pp4_06186851,20.4
4,RosCOS0546-209_snp_sweet_cherry_Pp4_06464070,20.4
4,RosBREED_snp_tart_cherry_f_Pp4_06173362,20.4
4,RosBREED_snp_sweet_cherry_Pp4_06269612,20.4
4,RosBREED_snp_tart_cherry_a_Pp4_06407266,20.4
4,RosBREED_snp_sweet_cherry_Pp4_06348991,20.4
4,RosBREED_snp_sweet_cherry_Pp4_06431232,20.4
4,RosBREED_snp_sweet_cherry_Pp4_06511359,20.4
4,RosBREED_snp_sweet_cherry_Pp4_06545181,20.4
4,RosBREED_snp_tart_cherry_f_Pp4_06561000,22.86
4,RosBREED_snp_tart_cherry_a_Pp4_06756567,25.85
4,RosBREED_snp_tart_cherry_a_Pp4_07070007,25.85
4,RosBREED_snp_sweet_cherry_Pp4_06580288,25.85
4,RosBREED_snp_sweet_cherry_Pp4_06588816,25.85
4,RosBREED_snp_sweet_cherry_Pp4_06828082,25.85
4,RosBREED_snp_sweet_cherry_Pp4_07040511,25.85
4,RosBREED_snp_sweet_cherry_Pp4_07065857,25.85
4,RosBREED_snp_tart_cherry_a_Pp4_07010787,25.85
4,RosBREED_snp_sweet_cherry_Pp4_07309282,26.75
4,RosBREED_snp_tart_cherry_a_Pp4_07398453,27.11
4,RosBREED_snp_sweet_cherry_Pp4_07429956,27.24
4,RosBREED_snp_tart_cherry_f_Pp4_07434938,27.26
4,RosBREED_snp_sweet_cherry_Pp4_07666480,28.22
4,RosBREED_snp_sweet_cherry_Pp4_07706352,28.38
4,RosBREED_snp_sweet_cherry_Pp4_07731253,28.48
4,RosBREED_snp_tart_cherry_a_Pp4_07813828,28.82
4,RosBREED_snp_tart_cherry_f_Pp4_07862326,28.91
4,RosBREED_snp_tart_cherry_a_Pp4_07861540,28.91
4,RosBREED_snp_sweet_cherry_Pp4_07835311,28.91
4,RosBREED_snp_tart_cherry_f_Pp4_08425845,30.1
4,RosBREED_snp_tart_cherry_a_Pp4_08495239,30.45
4,RosBREED_snp_tart_cherry_a_Pp4_08955576,30.48
4,RosBREED_snp_sweet_cherry_Pp4_08538987,30.48
4,RosBREED_snp_sweet_cherry_Pp4_08950735,30.48
4,RosBREED_snp_tart_cherry_f_Pp4_08893154,30.48
4,RosBREED_snp_sweet_cherry_Pp4_08985625,30.52
4,RosBREED_snp_sweet_cherry_Pp4_09148953,30.71
4,RosBREED_snp_sweet_cherry_Pp4_09660471,31.31
4,RosBREED_snp_tart_cherry_f_Pp4_09732651,31.4
4,RosBREED_snp_sweet_cherry_Pp4_10145480,31.89
4,RosCOS3576-387_snp_sweet_cherry_Pp4_10183945,33.53
4,RosBREED_snp_sweet_cherry_Pp4_10230259,33.53
4,RosBREED_snp_sweet_cherry_Pp4_10402945,33.57
4,RosCOS1363-161_snp_sweet_cherry_Pp4_10403896,33.57
4,RosBREED_snp_tart_cherry_f_Pp4_10832168,33.68
4,RosBREED_snp_sweet_cherry_Pp4_11034104,33.72
4,RosBREED_snp_tart_cherry_f_Pp4_11135825,33.75
4,RosBREED_snp_sweet_cherry_Pp4_11510521,33.84
4,RosBREED_snp_sweet_cherry_Pp4_11588410,33.86
4,RosBREED_snp_tart_cherry_a_Pp4_11651018,33.87
4,RosBREED_snp_sweet_cherry_Pp4_11651543,33.87
4,RosBREED_snp_tart_cherry_a_Pp4_11979679,33.95
4,RosBREED_snp_tart_cherry_f_Pp4_12520610,34.08
4,RosBREED_snp_sweet_cherry_Pp4_12567325,34.09
4,RosBREED_snp_tart_cherry_a_Pp4_12532690,34.09
4,RosBREED_snp_sweet_cherry_Pp4_12598204,34.1
4,RosBREED_snp_sweet_cherry_Pp4_12715001,34.13
4,RosBREED_snp_sweet_cherry_Pp4_12790726,34.6
4,RosCOS1546-059_snp_sweet_cherry_Pp4_12987703,35.68
4,RosBREED_snp_sweet_cherry_Pp4_13026704,36.29
4,RosBREED_snp_sweet_cherry_Pp4_13093284,37.27
4,RosBREED_snp_tart_cherry_f_Pp4_13192554,37.42
4,RosCOS0519-243_snp_sweet_cherry_Pp4_13606878,38.06
4,RosBREED_snp_sweet_cherry_Pp4_13886648,38.49
4,RosBREED_snp_sweet_cherry_Pp4_14026352,39.88
4,RosBREED_snp_sweet_cherry_Pp4_14516715,42.24
4,RosBREED_snp_tart_cherry_f_Pp4_14716180,45.4
4,RosBREED_snp_tart_cherry_a_Pp4_14851058,45.41
4,RosBREED_snp_tart_cherry_f_Pp4_14949237,45.44
4,RosBREED_snp_sweet_cherry_Pp4_17943880,46.65
4,RosBREED_snp_tart_cherry_a_Pp4_17996373,46.96
4,RosBREED_snp_sweet_cherry_Pp4_18027750,47.14
4,RosBREED_snp_sweet_cherry_Pp4_18226401,48.28
4,RosBREED_snp_sweet_cherry_Pp4_18408002,49.33
4,RosBREED_snp_tart_cherry_f_Pp4_18548701,50.14
4,RosCOS1252-088_snp_sweet_cherry_Pp4_18584595,50.35
4,RosBREED_snp_sweet_cherry_Pp4_18630864,50.41
4,RosBREED_snp_sweet_cherry_Pp4_18669913,50.45
4,RosBREED_snp_tart_cherry_a_Pp4_19321906,51.22
4,RosBREED_snp_sweet_cherry_Pp4_19411509,51.33
4,RosBREED_snp_sweet_cherry_Pp4_19657873,52.08
4,RosBREED_snp_sweet_cherry_Pp4_19849090,54.02
4,RosBREED_snp_sweet_cherry_Pp4_20094052,55.6
4,RosBREED_snp_sweet_cherry_Pp4_20177902,55.6
4,RosBREED_snp_sweet_cherry_Pp4_20004975,55.6
4,RosBREED_snp_sweet_cherry_Pp4_20050874,55.6
4,RosBREED_snp_sweet_cherry_Pp4_20684939,56.38
4,RosCOS1539-480_snp_sweet_cherry_Pp4_20433776,56.38
4,RosBREED_snp_sweet_cherry_Pp4_23435509,57.01
4,RosBREED_snp_sweet_cherry_Pp4_23439768,57.03
4,RosBREED_snp_sweet_cherry_Pp4_23700652,58.14
4,RosBREED_snp_sweet_cherry_Pp4_23921667,59.07
4,RosBREED_snp_sweet_cherry_Pp4_25740934,63.59
4,RosBREED_snp_sweet_cherry_Pp4_26292768,64.12
4,RosBREED_snp_sweet_cherry_Pp4_25952741,64.12
4,RosBREED_snp_tart_cherry_f_Pp4_26605492,64.13
4,RosBREED_snp_sweet_cherry_Pp4_26692324,64.37
4,RosBREED_snp_sweet_cherry_Pp4_26771048,64.59
4,RosBREED_snp_sweet_cherry_Pp4_26820550,64.73
4,RosBREED_snp_sweet_cherry_Pp4_26924288,65.02
4,RosBREED_snp_sweet_cherry_Pp4_27042542,65.35
4,RosBREED_snp_sweet_cherry_Pp4_27218201,65.84
4,RosBREED_snp_tart_cherry_a_Pp4_27407124,66.37
4,RosBREED_snp_sweet_cherry_Pp4_27520021,66.68
4,RosBREED_snp_sweet_cherry_Pp4_27578624,66.85
4,RosBREED_snp_sweet_cherry_Pp4_28549858,69.55
4,RosBREED_snp_sweet_cherry_Pp4_28697770,69.97
4,RosBREED_snp_sweet_cherry_Pp4_29851447,70.16
4,RosBREED_snp_sweet_cherry_Pp4_29863944,70.2
5,RosBREED_snp_tart_cherry_f_Pp5_00169160,0
5,RosBREED_snp_tart_cherry_f_Pp5_00240774,0.29
5,RosBREED_snp_sweet_cherry_Pp5_00299112,0.35
5,RosCOS1004-260_snp_sweet_cherry_Pp5_00332450,0.39
5,RosBREED_snp_sweet_cherry_Pp5_00374298,0.44
5,RosBREED_snp_sweet_cherry_Pp5_00409204,0.49
5,RosBREED_snp_sweet_cherry_Pp5_00465555,0.55
5,RosBREED_snp_tart_cherry_f_Pp5_00580582,0.69
5,RosBREED_snp_sweet_cherry_Pp5_00671432,0.8
5,RosBREED_snp_sweet_cherry_Pp5_00689941,0.82
5,RosBREED_snp_sweet_cherry_Pp5_00710199,0.84
5,RosBREED_snp_sweet_cherry_Pp5_00857660,1.02
5,RosBREED_snp_tart_cherry_f_Pp5_00935896,1.11
5,RosBREED_snp_sweet_cherry_Pp5_00934368,1.11
5,RosBREED_snp_sweet_cherry_Pp5_00975724,1.16
5,RosBREED_snp_sweet_cherry_Pp5_00987941,1.17
5,RosBREED_snp_tart_cherry_a_Pp5_00990328,1.17
5,RosBREED_snp_sweet_cherry_Pp5_01005418,1.19
5,RosBREED_snp_tart_cherry_f_Pp5_01031051,1.22
5,RosBREED_snp_sweet_cherry_Pp5_01121958,1.33
5,RosBREED_snp_tart_cherry_f_Pp5_01136527,1.35
5,RosBREED_snp_sweet_cherry_Pp5_01221714,1.45
5,RosBREED_snp_sweet_cherry_Pp5_01451354,1.72
5,RosBREED_snp_tart_cherry_a_Pp5_01463960,1.74
5,RosBREED_snp_sweet_cherry_Pp5_01607433,1.91
5,RosBREED_snp_sweet_cherry_Pp5_01645289,1.95
5,RosBREED_snp_tart_cherry_f_Pp5_01871057,2.22
5,RosBREED_snp_sweet_cherry_Pp5_02187261,2.59
5,RosBREED_snp_sweet_cherry_Pp5_02236592,2.65
5,RosBREED_snp_tart_cherry_f_Pp5_02404347,2.85
5,RosBREED_snp_sweet_cherry_Pp5_03142214,3.73
5,RosBREED_snp_sweet_cherry_Pp5_03248658,3.85
5,RosBREED_snp_sweet_cherry_Pp5_03299986,3.91
5,RosBREED_snp_tart_cherry_f_Pp5_03394531,4.03
5,RosBREED_snp_sweet_cherry_Pp5_03464400,4.11
5,RosBREED_snp_sweet_cherry_Pp5_03492263,4.14
5,RosBREED_snp_tart_cherry_f_Pp5_03513593,4.17
5,RosBREED_snp_sweet_cherry_Pp5_03526608,4.18
5,RosBREED_snp_sweet_cherry_Pp5_03557553,4.22
5,RosBREED_snp_sweet_cherry_Pp5_03631504,4.31
5,RosBREED_snp_sweet_cherry_Pp5_03644242,4.32
5,RosBREED_snp_sweet_cherry_Pp5_03695755,4.38
5,RosBREED_snp_sweet_cherry_Pp5_03731884,4.43
5,RosBREED_snp_sweet_cherry_Pp5_03767786,4.47
5,RosBREED_snp_sweet_cherry_Pp5_03864042,4.58
5,RosBREED_snp_tart_cherry_f_Pp5_03909319,4.64
5,RosBREED_snp_sweet_cherry_Pp5_03917338,4.65
5,RosBREED_snp_sweet_cherry_Pp5_04005643,4.75
5,RosBREED_snp_sweet_cherry_Pp5_04028824,4.78
5,RosBREED_snp_tart_cherry_f_Pp5_04181905,4.96
5,RosBREED_snp_sweet_cherry_Pp5_04345439,5.15
5,RosBREED_snp_sweet_cherry_Pp5_04413731,5.23
5,RosBREED_snp_tart_cherry_f_Pp5_04415391,5.24
5,RosBREED_snp_sweet_cherry_Pp5_04486238,5.32
5,RosBREED_snp_sweet_cherry_Pp5_04755463,5.64
5,RosBREED_snp_sweet_cherry_Pp5_04897952,5.85
5,RosBREED_snp_sweet_cherry_Pp5_04994245,6.02
5,RosBREED_snp_sweet_cherry_Pp5_05143453,6.29
5,RosBREED_snp_tart_cherry_f_Pp5_05238673,6.46
5,RosBREED_snp_sweet_cherry_Pp5_05242696,6.47
5,RosBREED_snp_tart_cherry_a_Pp5_05354555,6.67
5,RosBREED_snp_sweet_cherry_Pp5_05409519,6.77
5,RosBREED_snp_sweet_cherry_Pp5_05429352,6.8
5,RosBREED_snp_sweet_cherry_Pp5_05866922,7.59
5,RosBREED_snp_sweet_cherry_Pp5_06533666,8.78
5,RosBREED_snp_sweet_cherry_Pp5_06737827,9.15
5,RosBREED_snp_sweet_cherry_Pp5_07711329,10.9
5,RosBREED_snp_tart_cherry_a_Pp5_07792459,11.04
5,RosBREED_snp_tart_cherry_f_Pp5_07939233,11.31
5,RosBREED_snp_tart_cherry_a_Pp5_07939020,11.31
5,RosBREED_snp_sweet_cherry_Pp5_08105222,11.6
5,RosBREED_snp_sweet_cherry_Pp5_08221736,12.4
5,RosBREED_snp_sweet_cherry_Pp5_08278844,13.74
5,RosBREED_snp_sweet_cherry_Pp5_08344028,15.26
5,RosBREED_snp_sweet_cherry_Pp5_08425758,15.26
5,RosBREED_snp_sweet_cherry_Pp5_08373552,15.26
5,RosBREED_snp_sweet_cherry_Pp5_08622733,17.02
5,RosBREED_snp_sweet_cherry_Pp5_08822671,17.95
5,RosBREED_snp_sweet_cherry_Pp5_08853167,17.98
5,RosBREED_snp_sweet_cherry_Pp5_09041308,18.17
5,RosBREED_snp_tart_cherry_a_Pp5_09141044,18.27
5,RosBREED_snp_tart_cherry_f_Pp5_09322893,18.46
5,RosBREED_snp_sweet_cherry_Pp5_09512522,19.04
5,RosBREED_snp_sweet_cherry_Pp5_10237059,22.12
5,RosBREED_snp_sweet_cherry_Pp5_10500237,25.65
5,RosBREED_snp_tart_cherry_a_Pp5_10626214,26.1
5,RosBREED_snp_tart_cherry_a_Pp5_10892711,27.07
5,RosBREED_snp_sweet_cherry_Pp5_11463935,29.13
5,RosBREED_snp_tart_cherry_a_Pp5_11527764,29.36
5,RosBREED_snp_tart_cherry_f_Pp5_11738147,30.12
5,RosBREED_snp_sweet_cherry_Pp5_11886754,30.65
5,RosBREED_snp_sweet_cherry_Pp5_11943249,30.85
5,RosBREED_snp_sweet_cherry_Pp5_12018841,30.89
5,RosBREED_snp_sweet_cherry_Pp5_11953073,30.89
5,RosBREED_snp_sweet_cherry_Pp5_12088162,30.89
5,RosBREED_snp_sweet_cherry_Pp5_12126571,30.89
5,RosBREED_snp_tart_cherry_f_Pp5_12130282,30.92
5,RosBREED_snp_sweet_cherry_Pp5_12162548,31.21
5,RosBREED_snp_sweet_cherry_Pp5_12197772,31.52
5,RosBREED_snp_tart_cherry_a_Pp5_12204040,31.57
5,RosBREED_snp_tart_cherry_a_Pp5_12256722,32.04
5,RosCOS2825-299_snp_sweet_cherry_Pp5_12258547,32.05
5,RosBREED_snp_sweet_cherry_Pp5_12266775,32.13
5,RosBREED_snp_tart_cherry_a_Pp5_12327364,32.66
5,RosBREED_snp_sweet_cherry_Pp5_12331780,32.7
5,RosBREED_snp_sweet_cherry_Pp5_12348189,33.47
5,RosBREED_snp_tart_cherry_a_Pp5_12367693,33.48
5,RosBREED_snp_tart_cherry_f_Pp5_12492908,33.58
5,RosBREED_snp_tart_cherry_a_Pp5_12581495,33.65
5,RosBREED_snp_sweet_cherry_Pp5_12681091,33.74
5,RosBREED_snp_sweet_cherry_Pp5_12740171,33.79
5,RosBREED_snp_sweet_cherry_Pp5_12750950,33.8
5,RosBREED_snp_sweet_cherry_Pp5_12859119,33.89
5,RosBREED_snp_tart_cherry_a_Pp5_12879694,33.94
5,RosBREED_snp_sweet_cherry_Pp5_12917888,34.09
5,RosBREED_snp_sweet_cherry_Pp5_12963740,34.27
5,RosBREED_snp_tart_cherry_a_Pp5_12973512,34.31
5,RosBREED_snp_sweet_cherry_Pp5_12984393,34.35
5,RosBREED_snp_sweet_cherry_Pp5_13191542,34.6
5,RosCOS1619-289_snp_sweet_cherry_Pp5_13240090,34.6
5,RosCOS1618-286_snp_sweet_cherry_Pp5_13092948,34.6
5,RosBREED_snp_sweet_cherry_Pp5_13258489,34.6
5,RosBREED_snp_sweet_cherry_Pp5_13118716,34.6
5,RosBREED_snp_sweet_cherry_Pp5_13097299,34.6
5,RosBREED_snp_sweet_cherry_Pp5_13052333,34.6
5,RosBREED_snp_sweet_cherry_Pp5_13047387,34.6
5,RosBREED_snp_sweet_cherry_Pp5_13271528,34.67
5,RosBREED_snp_sweet_cherry_Pp5_13325052,35.14
5,RosBREED_snp_tart_cherry_a_Pp5_13436201,36.12
5,RosBREED_snp_tart_cherry_f_Pp5_13441371,36.17
5,RosBREED_snp_sweet_cherry_Pp5_13473331,36.45
5,RosBREED_snp_sweet_cherry_Pp5_13484563,36.83
5,RosBREED_snp_tart_cherry_a_Pp5_13609284,40.15
5,RosBREED_snp_tart_cherry_f_Pp5_13619513,40.33
5,RosBREED_snp_sweet_cherry_Pp5_13631576,40.55
5,RosBREED_snp_sweet_cherry_Pp5_13666284,41.17
5,RosBREED_snp_tart_cherry_a_Pp5_13667934,41.2
5,RosBREED_snp_tart_cherry_f_Pp5_13673998,41.31
5,RosBREED_snp_sweet_cherry_Pp5_13676298,41.35
5,RosBREED_snp_sweet_cherry_Pp5_13685546,41.52
5,RosBREED_snp_sweet_cherry_Pp5_13701941,41.81
5,RosBREED_snp_sweet_cherry_Pp5_13715106,42.05
5,RosBREED_snp_sweet_cherry_Pp5_13850408,42.5
5,RosCOS3742-176_snp_sweet_cherry_Pp5_14672210,45.27
5,RosBREED_snp_tart_cherry_f_Pp5_15572878,48.31
5,RosBREED_snp_tart_cherry_f_Pp5_15740198,48.95
5,RosBREED_snp_sweet_cherry_Pp5_15857168,49.49
5,RosBREED_snp_sweet_cherry_Pp5_15889247,49.68
5,RosBREED_snp_sweet_cherry_Pp5_16055399,50.68
5,RosBREED_snp_tart_cherry_a_Pp5_16086415,50.87
5,RosBREED_snp_sweet_cherry_Pp5_16125708,51.11
5,RosBREED_snp_tart_cherry_a_Pp5_16216710,51.66
5,RosBREED_snp_sweet_cherry_Pp5_16320573,51.82
5,RosBREED_snp_tart_cherry_a_Pp5_16330689,51.83
5,RosBREED_snp_sweet_cherry_Pp5_16375840,51.87
5,RosCOS3786-396_snp_sweet_cherry_Pp5_16429681,52.03
5,RosBREED_snp_tart_cherry_f_Pp5_16439498,52.06
5,RosBREED_snp_tart_cherry_f_Pp5_16580379,52.49
5,RosBREED_snp_tart_cherry_a_Pp5_16585374,52.51
5,RosBREED_snp_tart_cherry_a_Pp5_16720675,52.73
5,RosBREED_snp_sweet_cherry_Pp5_16768627,52.74
5,RosBREED_snp_sweet_cherry_Pp5_16812132,53.44
5,RosCOS2378-113_snp_sweet_cherry_Pp5_16803595,53.44
5,RosCOS2378-225_snp_sweet_cherry_Pp5_16803495,53.44
5,RosBREED_snp_sweet_cherry_Pp5_16882667,53.44
5,RosBREED_snp_sweet_cherry_Pp5_16907514,53.44
5,RosBREED_snp_tart_cherry_f_Pp5_16911194,53.44
5,RosBREED_snp_tart_cherry_f_Pp5_17404543,53.91
5,RosBREED_snp_tart_cherry_a_Pp5_17389482,53.91
5,RosBREED_snp_tart_cherry_a_Pp5_17279418,53.91
5,RosBREED_snp_tart_cherry_a_Pp5_17224386,53.91
5,RosBREED_snp_tart_cherry_a_Pp5_17175943,53.91
5,RosBREED_snp_tart_cherry_a_Pp5_17134242,53.91
5,RosBREED_snp_sweet_cherry_Pp5_17647878,53.91
5,RosBREED_snp_sweet_cherry_Pp5_17518546,53.91
5,RosBREED_snp_sweet_cherry_Pp5_17389247,53.91
5,RosBREED_snp_sweet_cherry_Pp5_17328363,53.91
5,RosBREED_snp_sweet_cherry_Pp5_17255447,53.91
5,RosBREED_snp_sweet_cherry_Pp5_17229379,53.91
5,RosBREED_snp_tart_cherry_f_Pp5_17523276,53.91
5,RosBREED_snp_sweet_cherry_Pp5_17757729,54.5
5,RosCOS2591-118_snp_sweet_cherry_Pp5_17779312,55.38
5,RosBREED_snp_tart_cherry_a_Pp5_17805694,55.51
5,RosBREED_snp_sweet_cherry_Pp5_17977057,55.51
5,RosBREED_snp_tart_cherry_a_Pp5_17997178,55.6
5,RosBREED_snp_tart_cherry_f_Pp5_18035286,55.78
5,RosBREED_snp_sweet_cherry_Pp5_18100331,56.07
5,RosBREED_snp_tart_cherry_f_Pp5_18173776,56.4
5,RosBREED_snp_tart_cherry_a_Pp5_18183048,56.44
5,RosBREED_snp_sweet_cherry_Pp5_18196095,56.5
5,RosBREED_snp_sweet_cherry_Pp5_18242872,56.71
5,RosBREED_snp_sweet_cherry_Pp5_18423946,56.78
5,RosBREED_snp_sweet_cherry_Pp5_18258012,56.78
6,RosBREED_snp_tart_cherry_a_Pp6_01224514,0
6,RosBREED_snp_tart_cherry_f_Pp6_01126102,0.06
6,RosBREED_snp_tart_cherry_f_Pp6_00932667,0.72
6,RosBREED_snp_tart_cherry_a_Pp6_00905384,0.81
6,RosBREED_snp_sweet_cherry_Pp6_04346219,0.84
6,RosBREED_snp_sweet_cherry_Pp6_04290926,0.84
6,RosBREED_snp_sweet_cherry_Pp6_04235065,0.84
6,RosBREED_snp_tart_cherry_f_Pp6_00813033,0.84
6,RosBREED_snp_sweet_cherry_Pp6_04479747,0.84
6,RosBREED_snp_sweet_cherry_Pp6_04524851,0.84
6,RosBREED_snp_sweet_cherry_Pp6_04570537,0.84
6,RosCOS1540-058_snp_sweet_cherry_Pp6_04244522,0.84
6,RosBREED_snp_tart_cherry_a_Pp6_04578576,0.84
6,RosBREED_snp_tart_cherry_f_Pp6_04556774,0.84
6,RosBREED_snp_tart_cherry_a_Pp6_04331813,0.84
6,RosBREED_snp_tart_cherry_a_Pp6_04235306,0.84
6,RosBREED_snp_sweet_cherry_Pp6_04408866,0.84
6,RosBREED_snp_sweet_cherry_Pp6_04461568,0.84
6,RosBREED_snp_sweet_cherry_Pp6_04315623,0.84
6,RosBREED_snp_tart_cherry_f_Pp6_04047346,5.21
6,RosBREED_snp_sweet_cherry_Pp6_04050337,5.21
6,RosBREED_snp_sweet_cherry_Pp6_03920291,5.21
6,RosBREED_snp_sweet_cherry_Pp6_03425466,5.21
6,RosBREED_snp_tart_cherry_f_Pp6_03105698,6.42
6,RosBREED_snp_tart_cherry_f_Pp6_03021553,6.73
6,RosBREED_snp_sweet_cherry_Pp6_02935423,7.06
6,RosBREED_snp_tart_cherry_f_Pp6_02676301,8.03
6,RosBREED_snp_tart_cherry_f_Pp6_02535157,8.56
6,RosBREED_snp_sweet_cherry_Pp6_02504154,8.68
6,RosBREED_snp_tart_cherry_a_Pp6_02296217,9.46
6,RosCOS1462-378_snp_sweet_cherry_Pp6_01954562,9.64
6,RosBREED_snp_tart_cherry_a_Pp6_02177630,9.64
6,RosBREED_snp_sweet_cherry_Pp6_01845754,9.64
6,RosBREED_snp_sweet_cherry_Pp6_02061776,9.64
6,RosCOS1462-123_snp_sweet_cherry_Pp6_01954309,9.64
6,RosBREED_snp_tart_cherry_a_Pp6_01734892,10
6,RosBREED_snp_sweet_cherry_Pp6_01635237,10.45
6,RosBREED_snp_sweet_cherry_Pp6_01586346,10.68
6,RosBREED_snp_sweet_cherry_Pp6_01514340,11.02
6,RosBREED_snp_tart_cherry_f_Pp6_01427698,11.42
6,RosBREED_snp_tart_cherry_f_Pp6_00011303,12.01
6,RosBREED_snp_sweet_cherry_Pp6_00198028,12.88
6,RosBREED_snp_tart_cherry_f_Pp6_00198462,12.88
6,RosBREED_snp_tart_cherry_a_Pp6_00211002,12.94
6,RosBREED_snp_sweet_cherry_Pp6_00286381,13.29
6,RosBREED_snp_tart_cherry_a_Pp6_00321392,13.45
6,RosBREED_snp_sweet_cherry_Pp6_00449827,14.05
6,RosBREED_snp_sweet_cherry_Pp6_04806232,15.71
6,RosBREED_snp_tart_cherry_a_Pp6_04824479,15.74
6,RosBREED_snp_sweet_cherry_Pp6_04821607,15.74
6,RosBREED_snp_tart_cherry_f_Pp6_04877650,15.83
6,RosBREED_snp_sweet_cherry_Pp6_04935972,15.92
6,RosBREED_snp_sweet_cherry_Pp6_04951880,15.95
6,RosBREED_snp_sweet_cherry_Pp6_05048235,16.11
6,RosBREED_snp_tart_cherry_a_Pp6_05175513,16.31
6,RosBREED_snp_tart_cherry_f_Pp6_05411172,16.69
6,RosBREED_snp_sweet_cherry_Pp6_05487989,16.82
6,RosBREED_snp_sweet_cherry_Pp6_05516277,16.86
6,RosBREED_snp_sweet_cherry_Pp6_05542394,16.9
6,RosBREED_snp_tart_cherry_a_Pp6_05636501,17.06
6,RosBREED_snp_sweet_cherry_Pp6_05646275,17.07
6,RosBREED_snp_sweet_cherry_Pp6_05689314,17.14
6,RosBREED_snp_tart_cherry_a_Pp6_05686698,17.14
6,RosBREED_snp_sweet_cherry_Pp6_05878636,17.45
6,RosBREED_snp_sweet_cherry_Pp6_05978925,17.61
6,RosBREED_snp_tart_cherry_f_Pp6_06210232,20.66
6,RosBREED_snp_sweet_cherry_Pp6_06340691,21.45
6,RosBREED_snp_tart_cherry_f_Pp6_06389330,21.62
6,RosBREED_snp_tart_cherry_a_Pp6_06455074,21.84
6,RosBREED_snp_tart_cherry_f_Pp6_06465914,21.87
6,RosBREED_snp_sweet_cherry_Pp6_06772932,22.9
6,RosBREED_snp_tart_cherry_f_Pp6_06795027,22.98
6,RosBREED_snp_sweet_cherry_Pp6_06864170,23.21
6,RosBREED_snp_sweet_cherry_Pp6_06954315,23.51
6,RosBREED_snp_tart_cherry_f_Pp6_07037117,23.79
6,RosCOS0474-507_snp_sweet_cherry_Pp6_07046277,23.82
6,RosBREED_snp_sweet_cherry_Pp6_07120354,24.07
6,RosBREED_snp_sweet_cherry_Pp6_07250486,24.5
6,RosBREED_snp_sweet_cherry_Pp6_07298745,24.66
6,RosBREED_snp_tart_cherry_a_Pp6_07331738,24.77
6,RosBREED_snp_tart_cherry_f_Pp6_07364532,24.88
6,RosBREED_snp_sweet_cherry_Pp6_07575939,25.47
6,RosBREED_snp_sweet_cherry_Pp6_07626959,25.47
6,RosBREED_snp_sweet_cherry_Pp6_07838040,27.17
6,RosBREED_snp_sweet_cherry_Pp6_07901830,27.17
6,RosBREED_snp_tart_cherry_f_Pp6_08055816,27.82
6,RosBREED_snp_tart_cherry_a_Pp6_08216554,28.49
6,RosBREED_snp_tart_cherry_a_Pp6_08350576,29.05
6,RosBREED_snp_tart_cherry_f_Pp6_08406425,29.28
6,RosBREED_snp_sweet_cherry_Pp6_08513688,29.73
6,RosBREED_snp_sweet_cherry_Pp6_08551796,30.12
6,RosBREED_snp_sweet_cherry_Pp6_08691599,31.53
6,RosBREED_snp_sweet_cherry_Pp6_08738290,32.53
6,RosBREED_snp_tart_cherry_a_Pp6_08743405,32.64
6,RosBREED_snp_sweet_cherry_Pp6_08773565,33.29
6,RosBREED_snp_tart_cherry_a_Pp6_08811788,34.12
6,RosBREED_snp_sweet_cherry_Pp6_09276963,41.52
6,RosBREED_snp_tart_cherry_f_Pp6_09343975,41.98
6,RosBREED_snp_sweet_cherry_Pp6_09594560,42.04
6,RosBREED_snp_tart_cherry_a_Pp6_10045985,44.37
6,RosBREED_snp_tart_cherry_f_Pp6_10141912,44.72
6,RosBREED_snp_sweet_cherry_Pp6_10369567,45.07
6,RosBREED_snp_sweet_cherry_Pp6_10729921,45.63
6,RosBREED_snp_sweet_cherry_Pp6_10764865,45.68
6,RosBREED_snp_sweet_cherry_Pp6_11322080,46.53
6,RosBREED_snp_tart_cherry_f_Pp6_11540700,46.87
6,RosBREED_snp_sweet_cherry_Pp6_11726917,47.16
6,RosBREED_snp_sweet_cherry_Pp6_11801698,47.27
6,RosBREED_snp_tart_cherry_a_Pp6_12119303,47.76
6,RosBREED_snp_sweet_cherry_Pp6_12126728,47.77
6,RosBREED_snp_sweet_cherry_Pp6_12638852,48.56
6,RosBREED_snp_sweet_cherry_Pp6_13142170,49.33
6,RosBREED_snp_sweet_cherry_Pp6_13223592,49.45
6,RosBREED_snp_sweet_cherry_Pp6_13380248,49.69
6,RosBREED_snp_sweet_cherry_Pp6_13639585,50.09
6,RosBREED_snp_sweet_cherry_Pp6_13925791,50.53
6,RosBREED_snp_tart_cherry_f_Pp6_14530451,51.46
6,RosBREED_snp_sweet_cherry_Pp6_14555604,51.5
6,RosBREED_snp_tart_cherry_a_Pp6_14554848,51.5
6,RosBREED_snp_sweet_cherry_Pp6_14716237,52.58
6,RosBREED_snp_sweet_cherry_Pp4_29710767,53.64
6,RosBREED_snp_sweet_cherry_Pp4_29202252,54.46
6,RosBREED_snp_sweet_cherry_Pp4_28922818,54.56
6,RosBREED_snp_tart_cherry_a_Pp6_14853360,54.9
6,RosBREED_snp_sweet_cherry_Pp6_15373183,55.09
6,RosBREED_snp_sweet_cherry_Pp6_15628669,55.18
6,RosBREED_snp_tart_cherry_f_Pp6_15683750,55.22
6,RosBREED_snp_tart_cherry_f_Pp6_16016474,55.49
6,RosBREED_snp_sweet_cherry_Pp6_16100413,55.55
6,RosBREED_snp_tart_cherry_f_Pp6_16341467,55.75
6,RosBREED_snp_tart_cherry_a_Pp6_16463860,55.84
6,RosBREED_snp_tart_cherry_f_Pp6_16472575,55.85
6,RosBREED_snp_sweet_cherry_Pp6_16636989,55.98
6,RosBREED_snp_tart_cherry_f_Pp6_16662929,56.05
6,RosBREED_snp_tart_cherry_a_Pp6_16674032,56.07
6,RosBREED_snp_sweet_cherry_Pp6_17952384,58.41
6,RosBREED_snp_sweet_cherry_Pp6_17688103,58.41
6,RosBREED_snp_tart_cherry_f_Pp6_17751943,58.41
6,RosBREED_snp_tart_cherry_a_Pp6_18195350,58.64
6,RosBREED_snp_tart_cherry_f_Pp6_18194616,58.64
6,RosBREED_snp_tart_cherry_f_Pp6_18499544,59.28
6,RosBREED_snp_tart_cherry_a_Pp6_18557441,59.4
6,RosBREED_snp_tart_cherry_a_Pp6_18591007,59.47
6,RosBREED_snp_tart_cherry_f_Pp6_19079326,60.49
6,RosBREED_snp_sweet_cherry_Pp6_19857675,62.11
6,RosCOS1983-562_snp_sweet_cherry_Pp6_19912833,62.23
6,RosCOS1983-267_snp_sweet_cherry_Pp6_19912562,62.23
6,RosCOS1983-146_snp_sweet_cherry_Pp6_19912441,62.23
6,RosBREED_snp_tart_cherry_a_Pp6_19913758,62.24
6,RosBREED_snp_sweet_cherry_Pp6_19982724,63.09
6,RosBREED_snp_sweet_cherry_Pp6_20001547,63.6
6,RosBREED_snp_sweet_cherry_Pp6_20091471,64.77
6,RosBREED_snp_sweet_cherry_Pp6_20100300,64.77
6,RosBREED_snp_sweet_cherry_Pp6_20044969,64.77
6,RosBREED_snp_sweet_cherry_Pp6_20071942,64.77
6,RosBREED_snp_sweet_cherry_Pp6_20209981,65.59
6,RosBREED_snp_tart_cherry_a_Pp6_20254606,65.66
6,RosBREED_snp_sweet_cherry_Pp6_20278113,65.69
6,RosBREED_snp_sweet_cherry_Pp6_20349359,65.81
6,RosBREED_snp_tart_cherry_a_Pp6_20436645,65.94
6,RosBREED_snp_tart_cherry_a_Pp6_20483673,66.02
6,RosBREED_snp_sweet_cherry_Pp6_20483309,66.02
6,RosBREED_snp_tart_cherry_f_Pp6_20484396,66.02
6,RosBREED_snp_sweet_cherry_Pp6_20514744,66.06
6,RosBREED_snp_sweet_cherry_Pp6_20555053,66.13
6,RosBREED_snp_sweet_cherry_Pp6_20604253,66.2
6,RosBREED_snp_sweet_cherry_Pp6_20608586,66.21
6,RosBREED_snp_tart_cherry_a_Pp6_20643377,66.27
6,RosBREED_snp_sweet_cherry_Pp6_20727507,66.43
6,RosBREED_snp_tart_cherry_a_Pp6_20743157,66.53
6,RosBREED_snp_tart_cherry_a_Pp6_20850123,67.19
6,RosBREED_snp_tart_cherry_f_Pp6_20863756,67.28
6,RosBREED_snp_sweet_cherry_Pp6_20875842,67.35
6,RosBREED_snp_sweet_cherry_Pp6_20948004,67.8
6,RosBREED_snp_sweet_cherry_Pp6_20982940,68.02
6,RosBREED_snp_tart_cherry_a_Pp6_20989670,68.06
6,RosBREED_snp_sweet_cherry_Pp6_21114726,68.83
6,RosBREED_snp_tart_cherry_a_Pp6_21758738,72.82
6,RosBREED_snp_tart_cherry_a_Pp6_22122175,75.06
6,RosBREED_snp_sweet_cherry_Pp6_22194565,75.51
6,RosBREED_snp_tart_cherry_a_Pp6_22481221,77.9
6,RosBREED_snp_sweet_cherry_Pp6_22483330,77.92
6,RosBREED_snp_sweet_cherry_Pp6_22578566,78.83
6,RosBREED_snp_sweet_cherry_Pp6_22682473,79.82
6,RosBREED_snp_tart_cherry_f_Pp6_22731299,80.29
6,RosCOS1124-244_snp_sweet_cherry_Pp6_22953307,81.64
6,RosBREED_snp_sweet_cherry_Pp6_22969579,81.7
6,RosBREED_snp_sweet_cherry_Pp6_23001313,81.82
6,RosBREED_snp_tart_cherry_f_Pp6_23103755,82.21
6,RosBREED_snp_tart_cherry_f_Pp6_23117929,82.26
6,RosBREED_snp_sweet_cherry_Pp6_23121232,82.27
6,RosBREED_snp_tart_cherry_a_Pp6_23125937,82.29
6,RosBREED_snp_sweet_cherry_Pp6_23138881,82.34
6,RosBREED_snp_tart_cherry_a_Pp6_23368978,83.2
6,RosBREED_snp_sweet_cherry_Pp6_23460054,83.55
6,RosBREED_snp_sweet_cherry_Pp6_23466387,83.57
6,RosBREED_snp_tart_cherry_a_Pp6_23491156,83.67
6,RosBREED_snp_tart_cherry_f_Pp6_23515096,83.76
6,RosBREED_snp_sweet_cherry_Pp6_23550234,83.89
6,RosBREED_snp_tart_cherry_a_Pp6_23617261,84.14
6,RosBREED_snp_tart_cherry_a_Pp6_23656729,84.29
6,RosBREED_snp_tart_cherry_a_Pp6_23717104,84.52
6,RosCOS3029-068_snp_sweet_cherry_Pp6_23740186,84.6
6,RosBREED_snp_sweet_cherry_Pp6_23776068,84.74
6,RosBREED_snp_tart_cherry_f_Pp6_23799947,84.83
6,RosBREED_snp_sweet_cherry_Pp6_23851662,85.02
6,RosBREED_snp_tart_cherry_f_Pp6_24251557,86.53
6,RosBREED_snp_sweet_cherry_Pp6_24311905,86.76
6,RosCOS1503-168_snp_sweet_cherry_Pp6_24324785,86.81
6,RosBREED_snp_tart_cherry_a_Pp6_24433974,87.22
6,RosBREED_snp_sweet_cherry_Pp6_24593485,87.92
6,RosBREED_snp_sweet_cherry_Pp6_24757894,88.67
6,RosBREED_snp_tart_cherry_f_Pp6_24770664,88.73
6,RosBREED_snp_sweet_cherry_Pp6_24822456,88.97
6,RosBREED_snp_sweet_cherry_Pp6_24914294,89.4
6,RosBREED_snp_tart_cherry_a_Pp6_25019161,89.88
6,RosBREED_snp_tart_cherry_f_Pp6_25034869,89.95
6,RosBREED_snp_sweet_cherry_Pp6_25113415,90.32
6,RosBREED_snp_sweet_cherry_Pp6_25146440,90.47
6,RosCOS0548-123_snp_sweet_cherry_Pp6_25325607,91.3
6,RosBREED_snp_tart_cherry_a_Pp6_25413648,93.3
6,RosBREED_snp_sweet_cherry_Pp6_25429330,93.66
6,RosBREED_snp_tart_cherry_f_Pp6_25441080,93.83
6,RosBREED_snp_tart_cherry_f_Pp6_25606798,96.2
6,RosBREED_snp_sweet_cherry_Pp6_25631852,96.55
6,RosBREED_snp_sweet_cherry_Pp6_25713330,96.82
6,RosBREED_snp_tart_cherry_a_Pp6_25761628,96.98
6,RosBREED_snp_sweet_cherry_Pp6_26089443,98.06
6,RosBREED_snp_sweet_cherry_Pp6_26149926,98.25
6,RosBREED_snp_sweet_cherry_Pp6_26206403,98.44
6,RosBREED_snp_sweet_cherry_Pp6_26537935,99.11
6,RosBREED_snp_tart_cherry_a_Pp6_26634643,99.21
6,RosBREED_snp_tart_cherry_f_Pp6_26800908,99.38
6,RosBREED_snp_tart_cherry_a_Pp6_26801537,99.38
6,RosBREED_snp_sweet_cherry_Pp6_26816058,99.39
6,RosBREED_snp_sweet_cherry_Pp6_26929208,99.51
6,RosBREED_snp_tart_cherry_a_Pp6_27072416,99.65
6,RosBREED_snp_tart_cherry_f_Pp6_27138059,99.72
6,RosBREED_snp_tart_cherry_f_Pp6_27359089,99.95
6,RosBREED_snp_sweet_cherry_Pp6_27518176,100.2
6,RosBREED_snp_tart_cherry_a_Pp6_27526673,100.21
6,RosBREED_snp_tart_cherry_f_Pp6_27606512,100.35
6,RosBREED_snp_tart_cherry_a_Pp6_27712841,100.52
6,RosBREED_snp_sweet_cherry_Pp6_27816290,100.69
6,RosBREED_snp_tart_cherry_f_Pp6_27879424,100.8
6,RosBREED_snp_tart_cherry_f_Pp6_28022672,101.04
6,RosBREED_snp_sweet_cherry_Pp6_28148285,101.24
6,RosBREED_snp_sweet_cherry_Pp6_28313933,101.55
6,RosBREED_snp_tart_cherry_a_Pp6_28342780,101.65
6,RosBREED_snp_sweet_cherry_Pp6_28535580,102.3
6,RosBREED_snp_sweet_cherry_Pp6_28590655,102.48
6,RosBREED_snp_sweet_cherry_Pp6_28755507,103.04
7,RosBREED_snp_tart_cherry_f_Pp7_04523701,0
7,RosBREED_snp_tart_cherry_a_Pp7_04485091,3.39
7,RosCOS3342-211_snp_sweet_cherry_Pp7_04466543,3.56
7,RosCOS3729-417_snp_sweet_cherry_Pp7_04467254,3.56
7,RosBREED_snp_sweet_cherry_Pp7_04261930,3.66
7,RosBREED_snp_sweet_cherry_Pp7_03526027,4.01
7,RosBREED_snp_tart_cherry_a_Pp7_03444237,4.05
7,RosBREED_snp_tart_cherry_a_Pp7_02637614,4.44
7,RosBREED_snp_sweet_cherry_Pp7_02554611,4.48
7,RosBREED_snp_tart_cherry_a_Pp7_02232437,4.49
7,RosBREED_snp_sweet_cherry_Pp7_01783512,4.49
7,RosBREED_snp_sweet_cherry_Pp7_02025625,4.49
7,RosBREED_snp_sweet_cherry_Pp7_02252124,4.49
7,RosBREED_snp_sweet_cherry_Pp7_02421445,4.49
7,RosBREED_snp_sweet_cherry_Pp7_02481336,4.49
7,RosBREED_snp_sweet_cherry_Pp7_02530796,4.49
7,RosBREED_snp_tart_cherry_a_Pp7_01775925,4.5
7,RosBREED_snp_sweet_cherry_Pp7_01298051,4.91
7,RosBREED_snp_sweet_cherry_Pp7_01166205,5.08
7,RosBREED_snp_sweet_cherry_Pp7_01040290,5.24
7,RosBREED_snp_sweet_cherry_Pp7_00926005,5.39
7,RosBREED_snp_tart_cherry_a_Pp7_00838626,5.46
7,RosBREED_snp_tart_cherry_a_Pp7_05165615,6.42
7,RosBREED_snp_tart_cherry_a_Pp7_07702370,8.73
7,RosBREED_snp_sweet_cherry_Pp7_07762587,8.78
7,RosBREED_snp_sweet_cherry_Pp7_07819296,10.26
7,RosBREED_snp_sweet_cherry_Pp7_07884834,11.96
7,RosBREED_snp_sweet_cherry_Pp7_07937164,11.96
7,RosBREED_snp_tart_cherry_a_Pp7_08349040,12.43
7,RosBREED_snp_sweet_cherry_Pp7_08440080,12.45
7,RosBREED_snp_tart_cherry_a_Pp7_09206302,12.7
7,RosBREED_snp_sweet_cherry_Pp7_09479799,12.75
7,RosBREED_snp_sweet_cherry_Pp7_09635219,12.79
7,RosBREED_snp_tart_cherry_a_Pp7_09642445,12.79
7,RosBREED_snp_tart_cherry_a_Pp7_10329124,12.94
7,RosBREED_snp_sweet_cherry_Pp7_10454077,12.96
7,RosBREED_snp_tart_cherry_a_Pp7_10439763,12.96
7,RosBREED_snp_sweet_cherry_Pp7_10666749,13.01
7,RosBREED_snp_tart_cherry_a_Pp7_10989254,13.03
7,RosBREED_snp_sweet_cherry_Pp7_10992603,13.03
7,RosBREED_snp_tart_cherry_a_Pp7_10865582,13.03
7,RosBREED_snp_sweet_cherry_Pp7_10949987,13.03
7,RosBREED_snp_sweet_cherry_Pp7_10917438,13.03
7,RosBREED_snp_sweet_cherry_Pp7_10845581,13.03
7,RosBREED_snp_sweet_cherry_Pp7_10762507,13.03
7,RosBREED_snp_sweet_cherry_Pp7_11240633,15.89
7,RosBREED_snp_sweet_cherry_Pp7_12192108,17.85
7,RosCOS2599-403_snp_sweet_cherry_Pp7_12192907,17.85
7,RosBREED_snp_tart_cherry_a_Pp7_12204915,17.86
7,RosBREED_snp_sweet_cherry_Pp7_12357086,18.07
7,RosBREED_snp_sweet_cherry_Pp7_12491842,18.25
7,RosBREED_snp_sweet_cherry_Pp7_12852652,19.16
7,RosBREED_snp_sweet_cherry_Pp7_12968587,19.7
7,RosBREED_snp_sweet_cherry_Pp7_13066126,19.87
7,RosBREED_snp_tart_cherry_f_Pp7_13112171,19.96
7,RosBREED_snp_sweet_cherry_Pp7_13246027,20.66
7,RosBREED_snp_sweet_cherry_Pp7_13343393,21.97
7,RosBREED_snp_tart_cherry_f_Pp7_13420081,23.01
7,RosBREED_snp_sweet_cherry_Pp7_13553291,24.48
7,RosBREED_snp_sweet_cherry_Pp7_13837359,25.89
7,RosBREED_snp_sweet_cherry_Pp7_14102579,27.54
7,RosBREED_snp_tart_cherry_a_Pp7_14214186,28.24
7,RosBREED_snp_sweet_cherry_Pp7_14418839,31.28
7,RosBREED_snp_sweet_cherry_Pp7_14572928,32.79
7,RosBREED_snp_sweet_cherry_Pp7_14642308,33.07
7,RosBREED_snp_tart_cherry_f_Pp7_14675348,33.2
7,RosBREED_snp_sweet_cherry_Pp7_14747110,33.5
7,RosBREED_snp_tart_cherry_f_Pp7_14875867,34.02
7,RosBREED_snp_sweet_cherry_Pp7_14929134,34.24
7,RosBREED_snp_sweet_cherry_Pp7_15029527,34.67
7,RosBREED_snp_tart_cherry_a_Pp7_15048633,34.7
7,RosBREED_snp_sweet_cherry_Pp7_15068188,34.72
7,RosBREED_snp_sweet_cherry_Pp7_15179433,34.86
7,RosBREED_snp_sweet_cherry_Pp7_15208802,34.89
7,RosBREED_snp_sweet_cherry_Pp7_15243096,34.93
7,RosBREED_snp_sweet_cherry_Pp7_15375736,35.09
7,RosBREED_snp_sweet_cherry_Pp7_15442353,35.17
7,RosBREED_snp_sweet_cherry_Pp7_15582512,35.34
7,RosBREED_snp_tart_cherry_a_Pp7_15705037,35.78
7,RosBREED_snp_tart_cherry_a_Pp7_15744830,35.99
7,RosBREED_snp_sweet_cherry_Pp7_15773451,36.13
7,RosBREED_snp_tart_cherry_a_Pp7_16025400,37.43
7,RosBREED_snp_sweet_cherry_Pp7_16239712,38.68
7,RosBREED_snp_sweet_cherry_Pp7_16289566,38.96
7,RosBREED_snp_tart_cherry_a_Pp7_16312365,39.06
7,RosBREED_snp_tart_cherry_a_Pp7_16385702,39.36
7,RosBREED_snp_sweet_cherry_Pp7_16435164,39.57
7,RosBREED_snp_sweet_cherry_Pp7_16525601,39.95
7,RosBREED_snp_sweet_cherry_Pp7_16612268,40.31
7,RosBREED_snp_tart_cherry_a_Pp7_16677629,40.63
7,RosBREED_snp_sweet_cherry_Pp7_16709587,40.87
7,RosBREED_snp_tart_cherry_f_Pp7_16924344,42.18
7,RosBREED_snp_sweet_cherry_Pp7_16890828,42.18
7,RosBREED_snp_sweet_cherry_Pp7_16933547,42.18
7,RosBREED_snp_sweet_cherry_Pp7_17249681,42.49
7,RosBREED_snp_sweet_cherry_Pp7_17364593,42.71
7,RosBREED_snp_tart_cherry_a_Pp7_17367248,42.72
7,RosBREED_snp_tart_cherry_a_Pp7_17494699,42.96
7,RosBREED_snp_sweet_cherry_Pp7_17591054,43.15
7,RosBREED_snp_sweet_cherry_Pp7_17691040,44.36
7,RosBREED_snp_sweet_cherry_Pp7_17697521,44.44
7,RosBREED_snp_sweet_cherry_Pp7_17742179,44.76
7,RosBREED_snp_tart_cherry_f_Pp7_17784043,45.06
7,RosBREED_snp_tart_cherry_a_Pp7_17783779,45.06
7,RosCOS1396-075_snp_sweet_cherry_Pp7_17855350,45.57
7,RosBREED_snp_tart_cherry_a_Pp7_18042103,46.79
7,RosBREED_snp_sweet_cherry_Pp7_18888478,52.33
7,RosBREED_snp_sweet_cherry_Pp7_18976140,52.91
7,RosBREED_snp_tart_cherry_f_Pp7_19154684,54.07
7,RosBREED_snp_tart_cherry_a_Pp7_19221915,54.51
7,RosCOS1107-251_snp_sweet_cherry_Pp7_19283789,54.92
7,RosCOS1107-107_snp_sweet_cherry_Pp7_19283645,54.92
7,RosBREED_snp_sweet_cherry_Pp7_19453389,55.68
7,RosBREED_snp_tart_cherry_a_Pp7_19626709,56.45
7,RosBREED_snp_tart_cherry_f_Pp7_19627569,56.46
7,RosBREED_snp_sweet_cherry_Pp7_19644775,56.54
7,RosBREED_snp_sweet_cherry_Pp7_19833601,57.38
7,RosBREED_snp_sweet_cherry_Pp7_20018630,58.19
7,RosBREED_snp_sweet_cherry_Pp7_20116177,58.59
7,RosBREED_snp_sweet_cherry_Pp7_20207623,58.97
7,RosBREED_snp_tart_cherry_f_Pp7_20386537,59.7
7,RosBREED_snp_tart_cherry_a_Pp7_20439119,59.92
7,RosBREED_snp_tart_cherry_f_Pp7_20756425,61.22
7,RosBREED_snp_tart_cherry_a_Pp7_20823515,61.48
7,RosBREED_snp_sweet_cherry_Pp7_20887248,62.37
7,RosBREED_snp_sweet_cherry_Pp7_20894129,62.48
7,RosBREED_snp_sweet_cherry_Pp7_20903237,62.63
7,RosBREED_snp_sweet_cherry_Pp7_20906402,62.68
7,RosBREED_snp_sweet_cherry_Pp7_20941604,63.27
7,RosBREED_snp_sweet_cherry_Pp7_20949201,63.37
7,RosBREED_snp_sweet_cherry_Pp7_20958957,63.49
7,RosBREED_snp_tart_cherry_f_Pp7_20998462,64.02
7,RosBREED_snp_sweet_cherry_Pp7_21003473,64.08
7,RosBREED_snp_sweet_cherry_Pp7_21010371,64.18
7,RosBREED_snp_sweet_cherry_Pp7_21015208,64.24
7,RosBREED_snp_sweet_cherry_Pp7_21024382,64.36
7,RosBREED_snp_sweet_cherry_Pp7_21032133,64.46
7,RosCOS2639-062_snp_sweet_cherry_Pp7_21044413,64.63
7,RosBREED_snp_sweet_cherry_Pp7_21044930,64.63
7,RosBREED_snp_sweet_cherry_Pp7_21095117,65.3
7,RosBREED_snp_sweet_cherry_Pp7_21200830,65.67
7,RosBREED_snp_tart_cherry_a_Pp7_21146967,65.67
7,RosBREED_snp_sweet_cherry_Pp7_21237198,66.5
7,RosBREED_snp_sweet_cherry_Pp7_21265074,66.98
7,RosBREED_snp_tart_cherry_a_Pp7_21339701,67.29
7,RosBREED_snp_tart_cherry_a_Pp7_21450589,67.29
7,RosBREED_snp_sweet_cherry_Pp7_21388718,67.29
7,RosBREED_snp_sweet_cherry_Pp7_21409362,67.29
7,RosBREED_snp_sweet_cherry_Pp7_21421369,67.29
7,RosBREED_snp_sweet_cherry_Pp7_21437193,67.29
7,RosBREED_snp_sweet_cherry_Pp7_21456568,67.29
7,RosBREED_snp_sweet_cherry_Pp7_21465745,67.29
7,RosBREED_snp_tart_cherry_f_Pp7_21423433,67.29
7,RosBREED_snp_sweet_cherry_Pp7_21486937,67.3
7,RosBREED_snp_sweet_cherry_Pp7_21525222,67.31
7,RosBREED_snp_sweet_cherry_Pp7_21536380,67.32
7,RosBREED_snp_tart_cherry_a_Pp7_21545000,67.32
7,RosBREED_snp_sweet_cherry_Pp7_21557254,67.32
7,RosBREED_snp_sweet_cherry_Pp7_21549153,67.32
7,RosBREED_snp_sweet_cherry_Pp7_21592845,67.33
7,RosBREED_snp_sweet_cherry_Pp7_21581398,67.33
7,RosBREED_snp_sweet_cherry_Pp7_21662495,67.36
7,RosBREED_snp_sweet_cherry_Pp7_21711677,67.37
7,RosBREED_snp_tart_cherry_a_Pp7_21750477,67.38
7,RosBREED_snp_sweet_cherry_Pp7_21773534,67.38
7,RosBREED_snp_tart_cherry_f_Pp7_21868243,67.68
7,RosBREED_snp_sweet_cherry_Pp7_21875350,67.7
7,RosBREED_snp_sweet_cherry_Pp7_22024984,68.17
7,RosBREED_snp_tart_cherry_a_Pp7_22136374,68.52
7,RosBREED_snp_sweet_cherry_Pp7_22285515,68.99
7,RosBREED_snp_tart_cherry_a_Pp7_22365703,69.25
7,RosBREED_snp_sweet_cherry_Pp7_22372107,69.27
7,RosBREED_snp_sweet_cherry_Pp7_22495054,69.65
7,RosBREED_snp_sweet_cherry_Pp7_22524319,69.75
7,RosBREED_snp_sweet_cherry_Pp7_22589465,69.95
8,RosBREED_snp_sweet_cherry_Pp8_00150929,0
8,RosBREED_snp_tart_cherry_f_Pp8_00253808,1.67
8,RosBREED_snp_tart_cherry_a_Pp8_00291665,2.03
8,RosBREED_snp_sweet_cherry_Pp8_00457195,2.74
8,RosBREED_snp_tart_cherry_a_Pp8_00479637,2.78
8,RosBREED_snp_sweet_cherry_Pp8_00821466,3.39
8,RosBREED_snp_tart_cherry_a_Pp8_00831811,3.44
8,RosBREED_snp_sweet_cherry_Pp8_00876457,3.65
8,RosBREED_snp_tart_cherry_f_Pp8_01073078,4.55
8,RosBREED_snp_sweet_cherry_Pp8_01156062,4.94
8,RosBREED_snp_sweet_cherry_Pp8_01669522,7.38
8,RosBREED_snp_tart_cherry_a_Pp8_01778533,7.96
8,RosBREED_snp_tart_cherry_a_Pp8_01972823,9.34
8,RosBREED_snp_sweet_cherry_Pp8_01954311,9.34
8,RosBREED_snp_sweet_cherry_Pp8_02016410,10.17
8,RosBREED_snp_sweet_cherry_Pp8_02367574,13.49
8,RosBREED_snp_sweet_cherry_Pp8_02641851,14.87
8,RosBREED_snp_tart_cherry_f_Pp8_03065380,15.87
8,RosBREED_snp_sweet_cherry_Pp8_03062177,15.87
8,RosBREED_snp_sweet_cherry_Pp8_03116384,16
8,RosBREED_snp_tart_cherry_f_Pp8_03813179,17.49
8,RosBREED_snp_sweet_cherry_Pp8_04455031,17.49
8,RosBREED_snp_sweet_cherry_Pp8_04491335,17.49
8,RosBREED_snp_sweet_cherry_Pp8_04563530,17.49
8,RosBREED_snp_sweet_cherry_Pp8_05377932,22.76
8,RosBREED_snp_sweet_cherry_Pp8_06475367,23.04
8,RosBREED_snp_sweet_cherry_Pp8_06442473,23.04
8,RosBREED_snp_tart_cherry_a_Pp8_06054229,23.04
8,RosBREED_snp_sweet_cherry_Pp8_06011965,23.04
8,RosBREED_snp_tart_cherry_a_Pp8_06458557,23.04
8,RosBREED_snp_sweet_cherry_Pp8_06724389,23.04
8,RosBREED_snp_tart_cherry_a_Pp8_09616297,23.04
8,RosBREED_snp_sweet_cherry_Pp8_06563189,23.04
8,RosBREED_snp_sweet_cherry_Pp8_09097844,23.25
8,RosBREED_snp_sweet_cherry_Pp8_08493539,23.57
8,RosBREED_snp_sweet_cherry_Pp8_08418686,23.76
8,RosBREED_snp_tart_cherry_a_Pp8_07868904,25.68
8,RosBREED_snp_sweet_cherry_Pp8_07827429,26.11
8,RosBREED_snp_sweet_cherry_Pp8_07752314,26.91
8,RosBREED_snp_tart_cherry_a_Pp8_07677866,27.7
8,RosBREED_snp_sweet_cherry_Pp8_10229141,27.92
8,RosBREED_snp_sweet_cherry_Pp8_10882682,29.67
8,RosBREED_snp_tart_cherry_f_Pp8_10898395,29.73
8,RosBREED_snp_sweet_cherry_Pp8_10929047,29.85
8,RosBREED_snp_sweet_cherry_Pp8_11220080,30.94
8,RosBREED_snp_tart_cherry_f_Pp8_11765920,33
8,RosBREED_snp_sweet_cherry_Pp8_12151562,35.34
8,RosCOS0530-260_snp_sweet_cherry_Pp8_12225359,35.88
8,RosCOS1154-267_snp_sweet_cherry_Pp8_12227080,35.89
8,RosBREED_snp_sweet_cherry_Pp8_12400779,36.85
8,RosBREED_snp_sweet_cherry_Pp8_12634796,37.31
8,RosBREED_snp_sweet_cherry_Pp8_13397168,38.82
8,RosBREED_snp_tart_cherry_a_Pp8_13401720,38.83
8,RosBREED_snp_tart_cherry_f_Pp8_13425449,38.87
8,RosBREED_snp_sweet_cherry_Pp8_13558167,39.14
8,RosBREED_snp_tart_cherry_a_Pp8_13901359,39.81
8,RosBREED_snp_tart_cherry_f_Pp8_13901473,39.82
8,RosBREED_snp_sweet_cherry_Pp8_13930053,40.42
8,RosBREED_snp_sweet_cherry_Pp8_13997828,41.86
8,RosBREED_snp_sweet_cherry_Pp8_14073547,42.23
8,RosBREED_snp_sweet_cherry_Pp8_14218082,42.27
8,RosBREED_snp_tart_cherry_a_Pp8_14291028,42.29
8,RosBREED_snp_sweet_cherry_Pp8_14357714,42.31
8,RosBREED_snp_sweet_cherry_Pp8_14403194,44.49
8,RosBREED_snp_tart_cherry_f_Pp8_14617209,45.4
8,RosBREED_snp_sweet_cherry_Pp8_14822588,46.27
8,RosBREED_snp_sweet_cherry_Pp8_14888590,46.82
8,RosBREED_snp_tart_cherry_f_Pp8_14968465,48.67
8,RosBREED_snp_sweet_cherry_Pp8_15000639,49.75
8,RosBREED_snp_sweet_cherry_Pp8_15140312,50.91
8,RosBREED_snp_tart_cherry_a_Pp8_15186772,51.02
8,RosBREED_snp_sweet_cherry_Pp8_15189427,51.03
8,RosBREED_snp_sweet_cherry_Pp8_15207343,51.08
8,RosBREED_snp_sweet_cherry_Pp8_15634495,51.45
8,RosBREED_snp_sweet_cherry_Pp8_15544825,51.45
8,RosBREED_snp_sweet_cherry_Pp8_15483856,51.45
8,RosBREED_snp_sweet_cherry_Pp8_15356932,51.45
8,RosBREED_snp_sweet_cherry_Pp8_15624542,51.45
8,RosBREED_snp_tart_cherry_a_Pp8_15679725,51.45
8,RosBREED_snp_sweet_cherry_Pp8_15671337,51.45
8,RosBREED_snp_sweet_cherry_Pp8_15941908,52.32
8,RosBREED_snp_sweet_cherry_Pp8_15956108,52.36
8,RosCOS1338-411_snp_sweet_cherry_Pp8_16036151,52.58
8,RosBREED_snp_tart_cherry_f_Pp8_16220839,53.24
8,RosBREED_snp_sweet_cherry_Pp8_16342381,54.11
8,RosCOS3732-140_snp_sweet_cherry_Pp8_16350931,54.17
8,RosBREED_snp_sweet_cherry_Pp8_16542374,55.61
8,RosBREED_snp_sweet_cherry_Pp8_16588914,55.95
8,RosBREED_snp_tart_cherry_a_Pp8_16648121,56.4
8,RosBREED_snp_sweet_cherry_Pp8_16877709,58.12
8,RosBREED_snp_tart_cherry_f_Pp8_16895130,58.25
8,RosBREED_snp_tart_cherry_a_Pp8_16984645,58.48
8,RosBREED_snp_sweet_cherry_Pp8_16986897,58.49
8,RosBREED_snp_tart_cherry_a_Pp8_17065642,58.85
8,RosBREED_snp_tart_cherry_a_Pp8_17114381,59.08
8,RosBREED_snp_sweet_cherry_Pp8_17256412,59.73
8,RosBREED_snp_tart_cherry_f_Pp8_17266837,59.78
8,RosBREED_snp_tart_cherry_a_Pp8_17365629,60.23
8,RosBREED_snp_sweet_cherry_Pp8_17467401,60.7
8,RosBREED_snp_tart_cherry_f_Pp8_17498192,60.85
8,RosBREED_snp_sweet_cherry_Pp8_17707138,61.57
8,RosBREED_snp_sweet_cherry_Pp8_17780397,61.6
8,RosBREED_snp_sweet_cherry_Pp8_17880546,61.63
8,RosBREED_snp_sweet_cherry_Pp8_17894376,61.63
8,RosBREED_snp_sweet_cherry_Pp8_17922905,61.64
8,RosBREED_snp_tart_cherry_a_Pp8_18173985,61.72
8,RosBREED_snp_sweet_cherry_Pp8_18215533,61.74
8,RosBREED_snp_tart_cherry_a_Pp8_18264012,61.75
8,RosBREED_snp_tart_cherry_f_Pp8_18326013,61.77
8,RosBREED_snp_sweet_cherry_Pp8_18429001,61.8
8,RosBREED_snp_tart_cherry_f_Pp8_18641895,61.87
8,RosBREED_snp_tart_cherry_a_Pp8_18675158,61.88
8,RosBREED_snp_tart_cherry_f_Pp8_18708153,61.89
8,RosBREED_snp_sweet_cherry_Pp8_18803068,61.92
8,RosBREED_snp_sweet_cherry_Pp8_19017167,61.99
8,RosBREED_snp_sweet_cherry_Pp8_19043735,62
8,RosBREED_snp_sweet_cherry_Pp8_19233270,62.06
8,RosBREED_snp_sweet_cherry_Pp8_19257975,62.07
8,RosBREED_snp_tart_cherry_a_Pp8_19288043,62.08
8,RosBREED_snp_sweet_cherry_Pp8_19402755,62.12
8,RosBREED_snp_tart_cherry_f_Pp8_19518327,62.15
8,RosBREED_snp_tart_cherry_a_Pp8_19549753,62.16
8,RosBREED_snp_sweet_cherry_Pp8_19522859,62.16
8,RosBREED_snp_tart_cherry_f_Pp8_19793621,62.24
8,RosBREED_snp_sweet_cherry_Pp8_19810250,62.25
8,RosCOS1537-126_snp_sweet_cherry_Pp8_19873713,62.27
8,RosBREED_snp_tart_cherry_f_Pp8_19951915,62.59
8,RosBREED_snp_sweet_cherry_Pp8_20034845,62.94
8,RosBREED_snp_sweet_cherry_Pp8_20374065,64.34
8,RosBREED_snp_tart_cherry_a_Pp8_20390279,64.41
8,RosBREED_snp_tart_cherry_a_Pp8_20499941,64.86
8,RosBREED_snp_sweet_cherry_Pp8_20657963,65.52
8,RosBREED_snp_tart_cherry_a_Pp8_20929390,66.05
8,RosBREED_snp_tart_cherry_f_Pp8_21111615,66.31
8,RosCOS2609-056_snp_sweet_cherry_Pp8_21311784,66.59
8,RosCOS2609-266_snp_sweet_cherry_Pp8_21311991,66.59
8,RosBREED_snp_tart_cherry_a_Pp8_21393937,67.13
8,RosBREED_snp_sweet_cherry_Pp8_21443978,67.53
8,RosBREED_snp_sweet_cherry_Pp8_21592705,68.71
8,RosBREED_snp_tart_cherry_a_Pp8_21626039,68.97
8,RosBREED_snp_sweet_cherry_Pp8_21765829,69.2
8,RosBREED_snp_sweet_cherry_Pp8_21655170,69.2
8,RosBREED_snp_sweet_cherry_Pp8_21691181,69.2